<?xml version="1.0" encoding="Windows-1252" ?>
<NotepadPlus>
    <GUIConfigs>
        <!-- 3 status : "large", "small" or "hide"-->
        <GUIConfig name="ToolBar">standard</GUIConfig>
        <!-- 2 status : "show" or "hide"-->
        <GUIConfig name="StatusBar">show</GUIConfig>
        <!-- For all attributs, 2 status : "yes" or "no"-->
        <GUIConfig name="TabBar" dragAndDrop="yes" drawTopBar="yes" drawInactiveTab="yes" reduce="yes" closeButton="no" doubleClick2Close="no" vertical="no" multiLine="no" hide="no" />
        <!-- 2 positions : "horizontal" or "vertical"-->
        <GUIConfig name="ScintillaViewsSplitter">vertical</GUIConfig>
        <!-- For the attribut of position, 2 status : docked or undocked ; 2 status : "show" or "hide" -->
        <GUIConfig name="UserDefineDlg" position="undocked">hide</GUIConfig>
        <GUIConfig name="TabSetting" size="4" replaceBySpace="no" />
        <!--App position-->
        <GUIConfig name="AppPosition" x="30" y="27" width="955" height="659" isMaximized="no" />
        <!-- For the primary scintilla view,
             2 status for Attribut lineNumberMargin, bookMarkMargin, indentGuideLine and currentLineHilitingShow: "show" or "hide"
             4 status for Attribut folderMarkStyle : "simple", "arrow", "circle" and "box"  -->
        <GUIConfig name="ScintillaPrimaryView" lineNumberMargin="show" bookMarkMargin="show" folderMarkStyle="box" indentGuideLine="show" currentLineHilitingShow="show" Wrap="no" edge="no" edgeNbColumn="100" wrapSymbolShow="hide" zoom="0" whiteSpaceShow="hide" eolShow="hide" />
        <!-- For the secodary scintilla view,
             2 status for Attribut lineNumberMargin, bookMarkMargin, indentGuideLine and currentLineHilitingShow: "show" or "hide"
             4 status for Attribut folderMarkStyle : "simple", "arrow", "circle" and "box" -->
        <GUIConfig name="Auto-detection">yes</GUIConfig>
        <GUIConfig name="CheckHistoryFiles">no</GUIConfig>
        <GUIConfig name="TrayIcon">no</GUIConfig>
        <GUIConfig name="RememberLastSession">yes</GUIConfig>
        <!--
			New Document default settings :
				format = 0/1/2 -> win/unix/mac
				encoding = 0/1/2/3/4/5 -> ANSI/UCS2Big/UCS2small/UTF8/UTF8-BOM
				defaultLang = 0/1/2/..

			Note 1 : UTF8-BOM -> UTF8 without BOM
			Note 2 : for defaultLang :
					0 -> L_TXT
					1 -> L_PHP
					... (see source file)
		-->
        <GUIConfig name="NewDocDefaultSettings" format="0" encoding="0" lang="0" />
        <GUIConfig name="langsExcluded" gr0="0" gr1="0" gr2="0" gr3="0" gr4="0" gr5="0" gr6="0" gr7="0" langMenuCompact="yes"/>
        <!--
		printOption is print colour setting, the following values are possible :
			0 : WYSIWYG
			1 : Invert colour
			2 : B & W
			3 : WYSIWYG but without background colour
		-->
        <GUIConfig name="Print" lineNumber="no" printOption="0" headerLeft="$(FULL_CURRENT_PATH)" headerMiddle="" headerRight="$(LONG_DATE) $(TIME)" headerFontName="IBMPC" headerFontStyle="1" headerFontSize="8" footerLeft="" footerMiddle="-$(CURRENT_PRINTING_PAGE)-" footerRight="" footerFontName="" footerFontStyle="0" footerFontSize="9" margeLeft="0" margeTop="0" margeRight="0" margeBottom="0" />
        <!--
                            Backup Setting :
                                0 : non backup
                                1 : simple backup
                                2 : verbose backup
                      -->
        <GUIConfig name="Backup" action="0" useCustumDir="no" dir="" />
        <GUIConfig name="TaskList">yes</GUIConfig>
        <GUIConfig name="SaveOpenFileInSameDir">no</GUIConfig>
        <!--
			value 0 for the folloing parameters means invisible :
			leftWidth, topHight, rightWidth, bottomHight
			
					position value for the PluginDlg:
						
						0 : left
						 1 : right
						2 : top
						3 : bottom
						>= 4 : undocked -> FloatingWindow id
			-->
        <GUIConfig name="noUpdate">no</GUIConfig>
        <GUIConfig name="MaitainIndent">yes</GUIConfig>
        <GUIConfig name="MRU">yes</GUIConfig>
        <GUIConfig name="URL">2</GUIConfig>
        <GUIConfig name="globalOverride" fg="no" bg="no" font="no" fontSize="no" bold="no" italic="no" underline="no" />
        <GUIConfig name="auto-completion" autoCAction="0" triggerFromNbChar="1" />
        <GUIConfig name="sessionExt"></GUIConfig>
    </GUIConfigs>
    <!-- The History of opened files list -->
    <History nbMaxFile="15" />
</NotepadPlus>
