<?xml version="1.0" encoding="Windows-1252" ?>
<!--
Notepad++ Custom Style

  Style name:    Obsidian
      Author:    Joni Eskelinen
        Date:    2009-04-06 (last changed 2009-07-30)
   Languages:    php, html, css, xml, javascript, python, sql, c, c++, 
                   assembly, bash, batch, lua at least for detail. Everything else more or less...
        Info:    Inspired by Oblivion theme for gedit.
-->
<NotepadPlus>
    <LexerStyles>
        <LexerType name="actionscript" desc="ActionScript" ext="">
            <WordsStyle name="DEFAULT" styleID="11" fgColor="E0E2E4" bgColor="293134" fontName="" fontStyle="0" fontSize="" />
            <WordsStyle name="FUNCTION" styleID="20" fgColor="E0E2E4" bgColor="293134" fontName="" fontStyle="0" fontSize="" keywordClass="type2" />
            <WordsStyle name="PREPROCESSOR" styleID="9" fgColor="A082BD" bgColor="293134" fontName="" fontStyle="0" fontSize="" />
            <WordsStyle name="INSTRUCTION WORD" styleID="5" fgColor="93C763" bgColor="293134" fontName="" fontStyle="1" fontSize="" keywordClass="instre1">toto titi</WordsStyle>
            <WordsStyle name="TYPE WORD" styleID="16" fgColor="678CB1" bgColor="293134" fontName="" fontStyle="0" fontSize="" keywordClass="type1" />
            <WordsStyle name="NUMBER" styleID="4" fgColor="FFCD22" bgColor="293134" fontName="" fontStyle="0" fontSize="" />
            <WordsStyle name="STRING" styleID="6" fgColor="EC7600" bgColor="293134" fontName="" fontStyle="0" fontSize="" />
            <WordsStyle name="CHARACTER" styleID="7" fgColor="FF8409" bgColor="293134" fontName="" fontStyle="0" fontSize="" />
            <WordsStyle name="OPERATOR" styleID="10" fgColor="E8E2B7" bgColor="293134" fontName="" fontStyle="0" fontSize="" />
            <WordsStyle name="VERBATIM" styleID="13" fgColor="E0E2E4" bgColor="293134" fontName="" fontStyle="1" fontSize="" />
            <WordsStyle name="REGEX" styleID="14" fgColor="D39745" bgColor="293134" fontName="" fontStyle="0" fontSize="" />
            <WordsStyle name="COMMENT" styleID="1" fgColor="66747B" bgColor="293134" fontName="" fontStyle="0" fontSize="" />
            <WordsStyle name="COMMENT LINE" styleID="2" fgColor="66747B" bgColor="293134" fontName="" fontStyle="0" fontSize="" />
            <WordsStyle name="COMMENT DOC" styleID="3" fgColor="6C788C" bgColor="293134" fontName="" fontStyle="0" fontSize="" />
            <WordsStyle name="COMMENT LINE DOC" styleID="15" fgColor="6C788C" bgColor="293134" fontName="" fontStyle="0" fontSize="" />
            <WordsStyle name="COMMENT DOC KEYWORD" styleID="17" fgColor="6C788C" bgColor="293134" fontName="" fontStyle="1" fontSize="" />
            <WordsStyle name="COMMENT DOC KEYWORD ERROR" styleID="18" fgColor="6C788C" bgColor="293134" fontName="" fontStyle="1" fontSize="" />
        </LexerType>
        <LexerType name="ada" desc="ADA" ext="">
            <WordsStyle name="DEFAULT" styleID="0" fgColor="E0E2E4" bgColor="293134" fontName="" fontStyle="0" fontSize="" />
            <WordsStyle name="INSTRUCTION WORD" styleID="1" fgColor="93C763" bgColor="293134" fontName="" fontStyle="1" fontSize="" keywordClass="instre1" />
            <WordsStyle name="IDENTIFIER" styleID="2" fgColor="E0E2E4" bgColor="293134" fontName="" fontStyle="0" fontSize="" />
            <WordsStyle name="NUMBER" styleID="3" fgColor="FFCD22" bgColor="293134" fontName="" fontStyle="0" fontSize="" />
            <WordsStyle name="DELIMITER" styleID="4" fgColor="E8E2B7" bgColor="293134" fontName="" fontStyle="0" fontSize="" />
            <WordsStyle name="CHARACTER" styleID="5" fgColor="FF8409" bgColor="293134" fontName="" fontStyle="0" fontSize="" />
            <WordsStyle name="CHARACTER EOL" styleID="6" fgColor="E0E2E4" bgColor="293134" fontName="" fontStyle="0" fontSize="" />
            <WordsStyle name="STRING" styleID="7" fgColor="EC7600" bgColor="293134" fontName="" fontStyle="0" fontSize="" />
            <WordsStyle name="STRING EOL" styleID="8" fgColor="E0E2E4" bgColor="293134" fontName="" fontStyle="0" fontSize="" />
            <WordsStyle name="LABEL" styleID="9" fgColor="E0E2E4" bgColor="293134" fontName="" fontStyle="1" fontSize="" />
            <WordsStyle name="COMMENT LINE" styleID="10" fgColor="66747B" bgColor="293134" fontName="" fontStyle="0" fontSize="" />
            <WordsStyle name="ILLEGAL" styleID="11" fgColor="E0E2E4" bgColor="293134" fontName="" fontStyle="0" fontSize="" />
        </LexerType>
        <LexerType name="asp" desc="asp" ext="asp">
            <WordsStyle name="DEFAULT" styleID="81" fgColor="E0E2E4" bgColor="293134" fontName="" fontStyle="0" fontSize="" />
            <WordsStyle name="COMMENTLINE" styleID="82" fgColor="66747B" bgColor="293134" fontName="" fontStyle="0" fontSize="" />
            <WordsStyle name="NUMBER" styleID="83" fgColor="FFCD22" bgColor="293134" fontName="" fontStyle="0" fontSize="" />
            <WordsStyle name="WORD" styleID="84" fgColor="93C763" bgColor="293134" fontName="" fontStyle="1" fontSize="" keywordClass="instre1" />
            <WordsStyle name="STRING" styleID="85" fgColor="EC7600" bgColor="293134" fontName="" fontStyle="0" fontSize="" />
            <WordsStyle name="STRINGEOL" styleID="87" fgColor="E0E2E4" bgColor="293134" fontName="" fontStyle="0" fontSize="" />
            <WordsStyle name="IDENTIFIER" styleID="86" fgColor="E0E2E4" bgColor="293134" fontName="" fontStyle="0" fontSize="" />
            <WordsStyle name="ASPSYBOL" styleID="15" fgColor="D955C1" bgColor="293134" fontName="" fontStyle="1" fontSize="" />
            <WordsStyle name="SCRIPTTYPE" styleID="16" fgColor="D955C1" bgColor="293134" fontName="" fontStyle="0" fontSize="" />
        </LexerType>
        <LexerType name="asm" desc="Assembly" ext="">
            <WordsStyle name="DEFAULT" styleID="0" fgColor="E0E2E4" bgColor="293134" fontName="" fontStyle="0" fontSize="" />
            <WordsStyle name="COMMENT" styleID="1" fgColor="66747B" bgColor="293134" fontName="" fontStyle="0" fontSize="" />
            <WordsStyle name="NUMBER" styleID="2" fgColor="FFCD22" bgColor="293134" fontName="" fontStyle="0" fontSize="" />
            <WordsStyle name="STRING" styleID="3" fgColor="EC7600" bgColor="293134" fontName="" fontStyle="0" fontSize="" />
            <WordsStyle name="OPERATOR" styleID="4" fgColor="E8E2B7" bgColor="293134" fontName="" fontStyle="0" fontSize="" />
            <WordsStyle name="IDENTIFIER" styleID="5" fgColor="E0E2E4" bgColor="293134" fontName="" fontStyle="0" fontSize="" />
            <WordsStyle name="CPU INSTRUCTION" styleID="6" fgColor="93C763" bgColor="293134" fontName="" fontStyle="1" fontSize="" keywordClass="instre1" />
            <WordsStyle name="MATH INSTRUCTION" styleID="7" fgColor="93C763" bgColor="293134" fontName="" fontStyle="1" fontSize="" keywordClass="instre2" />
            <WordsStyle name="REGISTER" styleID="8" fgColor="D39745" bgColor="293134" fontName="" fontStyle="0" fontSize="" keywordClass="type1" />
            <WordsStyle name="DIRECTIVE" styleID="9" fgColor="A082BD" bgColor="293134" fontName="" fontStyle="0" fontSize="" keywordClass="type2" />
            <WordsStyle name="DIRECTIVE OPERAND" styleID="10" fgColor="D2C5E0" bgColor="293134" fontName="" fontStyle="0" fontSize="" keywordClass="type3" />
            <WordsStyle name="COMMENT BLOCK" styleID="11" fgColor="66747B" bgColor="293134" fontName="" fontStyle="0" fontSize="" />
            <WordsStyle name="CHARACTER" styleID="12" fgColor="FF8409" bgColor="293134" fontName="" fontStyle="0" fontSize="" />
            <WordsStyle name="STRINGEOL" styleID="13" fgColor="E0E2E4" bgColor="293134" fontName="" fontStyle="0" fontSize="" />
            <WordsStyle name="EXT INSTRUCTION" styleID="14" fgColor="93C763" bgColor="293134" fontName="" fontStyle="1" fontSize="" keywordClass="type4" />
        </LexerType>
        <LexerType name="autoit" desc="autoIt" ext="">
            <WordsStyle name="DEFAULT" styleID="0" fgColor="E0E2E4" bgColor="293134" fontName="" fontStyle="0" fontSize="" />
            <WordsStyle name="COMMENT LINE" styleID="1" fgColor="66747B" bgColor="293134" fontName="" fontStyle="0" fontSize="" />
            <WordsStyle name="COMMENT" styleID="2" fgColor="66747B" bgColor="293134" fontName="" fontStyle="0" fontSize="" />
            <WordsStyle name="NUMBER" styleID="3" fgColor="FFCD22" bgColor="293134" fontName="" fontStyle="0" fontSize="" />
            <WordsStyle name="FUNCTION" styleID="4" fgColor="E0E2E4" bgColor="293134" fontName="" fontStyle="0" fontSize="" keywordClass="instre2" />
            <WordsStyle name="INSTRUCTION WORD" styleID="5" fgColor="93C763" bgColor="293134" fontName="" fontStyle="1" fontSize="" keywordClass="instre1" />
            <WordsStyle name="MACRO" styleID="6" fgColor="D39745" bgColor="293134" fontName="" fontStyle="0" fontSize="" keywordClass="type1" />
            <WordsStyle name="STRING" styleID="7" fgColor="EC7600" bgColor="293134" fontName="" fontStyle="0" fontSize="" />
            <WordsStyle name="OPERATOR" styleID="8" fgColor="E8E2B7" bgColor="293134" fontName="" fontStyle="0" fontSize="" />
            <WordsStyle name="VARIABLE" styleID="9" fgColor="678CB1" bgColor="293134" fontName="" fontStyle="0" fontSize="" />
            <WordsStyle name="SENT" styleID="10" fgColor="E0E2E4" bgColor="293134" fontName="" fontStyle="0" fontSize="" keywordClass="type2" />
            <WordsStyle name="PREPROCESSOR" styleID="11" fgColor="A082BD" bgColor="293134" fontName="" fontStyle="0" fontSize="" keywordClass="type3" />
            <WordsStyle name="SPECIAL" styleID="12" fgColor="E0E2E4" bgColor="293134" fontName="" fontStyle="0" fontSize="" keywordClass="type4" />
            <WordsStyle name="EXPAND" styleID="13" fgColor="E0E2E4" bgColor="293134" fontName="" fontStyle="0" fontSize="" keywordClass="type5" />
            <WordsStyle name="COMOBJ" styleID="14" fgColor="E0E2E4" bgColor="293134" fontName="" fontStyle="0" fontSize="" />
        </LexerType>
        <LexerType name="bash" desc="bash" ext="">
            <WordsStyle name="DEFAULT" styleID="0" fgColor="E0E2E4" bgColor="293134" fontName="" fontStyle="0" fontSize="" />
            <WordsStyle name="ERROR" styleID="1" fgColor="FFC6C6" bgColor="293134" fontName="" fontStyle="0" fontSize="" />
            <WordsStyle name="INSTRUCTION WORD" styleID="4" fgColor="93C763" bgColor="293134" fontName="" fontStyle="1" fontSize="" keywordClass="instre1" />
            <WordsStyle name="NUMBER" styleID="3" fgColor="FFCD22" bgColor="293134" fontName="" fontStyle="0" fontSize="" />
            <WordsStyle name="STRING" styleID="5" fgColor="EC7600" bgColor="293134" fontName="" fontStyle="0" fontSize="" />
            <WordsStyle name="CHARACTER" styleID="6" fgColor="FF8409" bgColor="293134" fontName="" fontStyle="0" fontSize="" />
            <WordsStyle name="OPERATOR" styleID="7" fgColor="E8E2B7" bgColor="293134" fontName="" fontStyle="0" fontSize="" />
            <WordsStyle name="IDENTIFIER" styleID="8" fgColor="678CB1" bgColor="293134" fontName="" fontStyle="0" fontSize="" />
            <WordsStyle name="SCALAR" styleID="9" fgColor="B7C8D9" bgColor="293134" fontName="" fontStyle="0" fontSize="" />
            <WordsStyle name="COMMENT LINE" styleID="2" fgColor="66747B" bgColor="293134" fontName="" fontStyle="0" fontSize="" />
            <WordsStyle name="PARAM" styleID="10" fgColor="A082BD" bgColor="293134" fontName="" fontStyle="0" fontSize="" />
            <WordsStyle name="BACKTICKS" styleID="11" fgColor="D39745" bgColor="293134" fontName="" fontStyle="0" fontSize="" />
            <WordsStyle name="HERE DELIM" styleID="12" fgColor="FF8409" bgColor="293134" fontName="" fontStyle="1" fontSize="" />
            <WordsStyle name="HERE Q" styleID="13" fgColor="EC7600" bgColor="293134" fontName="" fontStyle="0" fontSize="" />
        </LexerType>
        <LexerType name="batch" desc="Batch" ext="">
            <WordsStyle name="DEFAULT" styleID="0" fgColor="E0E2E4" bgColor="293134" fontName="" fontStyle="0" fontSize="" />
            <WordsStyle name="COMMENT" styleID="1" fgColor="66747B" bgColor="293134" fontName="" fontStyle="0" fontSize="" />
            <WordsStyle name="KEYWORDS" styleID="2" fgColor="93C763" bgColor="293134" fontName="" fontStyle="1" fontSize="" keywordClass="instre1" />
            <WordsStyle name="LABEL" styleID="3" fgColor="C29F56" bgColor="293134" fontName="" fontStyle="0" fontSize="" />
            <WordsStyle name="HIDE SYBOL" styleID="4" fgColor="D3DA50" bgColor="293134" fontName="" fontStyle="0" fontSize="" />
            <WordsStyle name="COMMAND" styleID="5" fgColor="FFCD22" bgColor="293134" fontName="" fontStyle="0" fontSize="" />
            <WordsStyle name="VARIABLE" styleID="6" fgColor="678CB1" bgColor="293134" fontName="" fontStyle="0" fontSize="" />
            <WordsStyle name="OPERATOR" styleID="7" fgColor="E8E2B7" bgColor="293134" fontName="" fontStyle="0" fontSize="" />
        </LexerType>
        <LexerType name="c" desc="C" ext="">
            <WordsStyle name="PREPROCESSOR" styleID="9" fgColor="A082BD" bgColor="293134" fontName="" fontStyle="0" fontSize="" />
            <WordsStyle name="DEFAULT" styleID="11" fgColor="E0E2E4" bgColor="293134" fontName="" fontStyle="0" fontSize="" />
            <WordsStyle name="INSTRUCTION WORD" styleID="5" fgColor="93C763" bgColor="293134" fontName="" fontStyle="1" fontSize="" keywordClass="instre1">ooooo</WordsStyle>
            <WordsStyle name="TYPE WORD" styleID="16" fgColor="678CB1" bgColor="293134" fontName="" fontStyle="0" fontSize="" keywordClass="type1" />
            <WordsStyle name="NUMBER" styleID="4" fgColor="FFCD22" bgColor="293134" fontName="" fontStyle="0" fontSize="" />
            <WordsStyle name="STRING" styleID="6" fgColor="EC7600" bgColor="293134" fontName="" fontStyle="0" fontSize="" />
            <WordsStyle name="CHARACTER" styleID="7" fgColor="FF8409" bgColor="293134" fontName="" fontStyle="0" fontSize="" />
            <WordsStyle name="OPERATOR" styleID="10" fgColor="E8E2B7" bgColor="293134" fontName="" fontStyle="0" fontSize="" />
            <WordsStyle name="VERBATIM" styleID="13" fgColor="E0E2E4" bgColor="293134" fontName="" fontStyle="0" fontSize="" />
            <WordsStyle name="REGEX" styleID="14" fgColor="D39745" bgColor="293134" fontName="" fontStyle="0" fontSize="" />
            <WordsStyle name="COMMENT" styleID="1" fgColor="66747B" bgColor="293134" fontName="" fontStyle="0" fontSize="" />
            <WordsStyle name="COMMENT LINE" styleID="2" fgColor="66747B" bgColor="293134" fontName="" fontStyle="0" fontSize="" />
            <WordsStyle name="COMMENT DOC" styleID="3" fgColor="6C788C" bgColor="293134" fontName="" fontStyle="0" fontSize="" />
            <WordsStyle name="COMMENT LINE DOC" styleID="15" fgColor="6C788C" bgColor="293134" fontName="" fontStyle="0" fontSize="" />
            <WordsStyle name="COMMENT DOC KEYWORD" styleID="17" fgColor="6C788C" bgColor="293134" fontName="" fontStyle="1" fontSize="" />
            <WordsStyle name="COMMENT DOC KEYWORD ERROR" styleID="18" fgColor="6C788C" bgColor="293134" fontName="" fontStyle="1" fontSize="" />
        </LexerType>
        <LexerType name="cpp" desc="C++" ext="">
            <WordsStyle name="PREPROCESSOR" styleID="9" fgColor="A082BD" bgColor="293134" fontName="" fontStyle="0" fontSize="" />
            <WordsStyle name="DEFAULT" styleID="11" fgColor="E0E2E4" bgColor="293134" fontName="" fontStyle="0" fontSize="" />
            <WordsStyle name="INSTRUCTION WORD" styleID="5" fgColor="93C763" bgColor="293134" fontName="" fontStyle="1" fontSize="" keywordClass="instre1" />
            <WordsStyle name="TYPE WORD" styleID="16" fgColor="678CB1" bgColor="293134" fontName="" fontStyle="0" fontSize="" keywordClass="type1" />
            <WordsStyle name="NUMBER" styleID="4" fgColor="FFCD22" bgColor="293134" fontName="" fontStyle="0" fontSize="" />
            <WordsStyle name="STRING" styleID="6" fgColor="EC7600" bgColor="293134" fontName="" fontStyle="0" fontSize="" />
            <WordsStyle name="CHARACTER" styleID="7" fgColor="FF8409" bgColor="293134" fontName="" fontStyle="0" fontSize="" />
            <WordsStyle name="OPERATOR" styleID="10" fgColor="E8E2B7" bgColor="293134" fontName="" fontStyle="0" fontSize="" />
            <WordsStyle name="VERBATIM" styleID="13" fgColor="E0E2E4" bgColor="293134" fontName="" fontStyle="0" fontSize="" />
            <WordsStyle name="REGEX" styleID="14" fgColor="D39745" bgColor="293134" fontName="" fontStyle="0" fontSize="" />
            <WordsStyle name="COMMENT" styleID="1" fgColor="66747B" bgColor="293134" fontName="" fontStyle="0" fontSize="" />
            <WordsStyle name="COMMENT LINE" styleID="2" fgColor="66747B" bgColor="293134" fontName="" fontStyle="0" fontSize="" />
            <WordsStyle name="COMMENT DOC" styleID="3" fgColor="6C788C" bgColor="293134" fontName="" fontStyle="0" fontSize="" />
            <WordsStyle name="COMMENT LINE DOC" styleID="15" fgColor="6C788C" bgColor="293134" fontName="" fontStyle="0" fontSize="" />
            <WordsStyle name="COMMENT DOC KEYWORD" styleID="17" fgColor="6C788C" bgColor="293134" fontName="" fontStyle="1" fontSize="" />
            <WordsStyle name="COMMENT DOC KEYWORD ERROR" styleID="18" fgColor="6C788C" bgColor="293134" fontName="" fontStyle="1" fontSize="" />
        </LexerType>
        <LexerType name="cs" desc="C#" ext="">
            <WordsStyle name="PREPROCESSOR" styleID="9" fgColor="A082BD" bgColor="293134" fontName="" fontStyle="0" fontSize="" />
            <WordsStyle name="DEFAULT" styleID="11" fgColor="E0E2E4" bgColor="293134" fontName="" fontStyle="0" fontSize="" />
            <WordsStyle name="INSTRUCTION WORD" styleID="5" fgColor="93C763" bgColor="293134" fontName="" fontStyle="1" fontSize="" keywordClass="instre1">the_ID the_post have_posts wp_link_pages the_content</WordsStyle>
            <WordsStyle name="TYPE WORD" styleID="16" fgColor="678CB1" bgColor="293134" fontName="" fontStyle="0" fontSize="" />
            <WordsStyle name="NUMBER" styleID="4" fgColor="FFCD22" bgColor="293134" fontName="" fontStyle="0" fontSize="" />
            <WordsStyle name="STRING" styleID="6" fgColor="EC7600" bgColor="293134" fontName="" fontStyle="0" fontSize="" />
            <WordsStyle name="CHARACTER" styleID="7" fgColor="FF8409" bgColor="293134" fontName="" fontStyle="0" fontSize="">$_POST $_GET $_SESSION</WordsStyle>
            <WordsStyle name="OPERATOR" styleID="10" fgColor="E8E2B7" bgColor="293134" fontName="" fontStyle="0" fontSize="" />
            <WordsStyle name="VERBATIM" styleID="13" fgColor="E0E2E4" bgColor="293134" fontName="" fontStyle="0" fontSize="" />
            <WordsStyle name="REGEX" styleID="14" fgColor="D39745" bgColor="293134" fontName="" fontStyle="0" fontSize="" />
            <WordsStyle name="COMMENT" styleID="1" fgColor="66747B" bgColor="293134" fontName="" fontStyle="0" fontSize="" />
            <WordsStyle name="COMMENT LINE" styleID="2" fgColor="66747B" bgColor="293134" fontName="" fontStyle="0" fontSize="" />
            <WordsStyle name="COMMENT DOC" styleID="3" fgColor="6C788C" bgColor="293134" fontName="" fontStyle="0" fontSize="" />
            <WordsStyle name="COMMENT LINE DOC" styleID="15" fgColor="6C788C" bgColor="293134" fontName="" fontStyle="0" fontSize="" />
            <WordsStyle name="COMMENT DOC KEYWORD" styleID="17" fgColor="6C788C" bgColor="293134" fontName="" fontStyle="1" fontSize="" />
            <WordsStyle name="COMMENT DOC KEYWORD ERROR" styleID="18" fgColor="6C788C" bgColor="293134" fontName="" fontStyle="1" fontSize="" />
        </LexerType>
        <LexerType name="caml" desc="Caml" ext="">
            <WordsStyle name="DEFAULT" styleID="0" fgColor="E0E2E4" bgColor="293134" fontName="" fontStyle="0" fontSize="" />
            <WordsStyle name="IDENTIFIER" styleID="1" fgColor="E0E2E4" bgColor="293134" fontName="" fontStyle="0" fontSize="" />
            <WordsStyle name="TAGNAME" styleID="2" fgColor="E0E2E4" bgColor="293134" fontName="" fontStyle="0" fontSize="" />
            <WordsStyle name="INSTRUCTION WORD" styleID="3" fgColor="93C763" bgColor="293134" fontName="" fontStyle="1" fontSize="" keywordClass="instre1">alert appendChild arguments array blur checked childNodes className confirm dialogArguments event focus getElementById getElementsByTagName innerHTML keyCode length location null number parentNode push RegExp replace selectNodes selectSingleNode setAttribute split src srcElement test undefined value window</WordsStyle>
            <WordsStyle name="BUILIN FUNC &amp; TYPE" styleID="4" fgColor="A082BD" bgColor="293134" fontName="" fontStyle="0" fontSize="" keywordClass="instre2">XmlUtil loadXmlString TopologyXmlTree NotificationArea loadXmlFile debug</WordsStyle>
            <WordsStyle name="TYPE" styleID="5" fgColor="678CB1" bgColor="293134" fontName="" fontStyle="0" fontSize="" keywordClass="type1" />
            <WordsStyle name="LINENUM" styleID="6" fgColor="E0E2E4" bgColor="293134" fontName="" fontStyle="0" fontSize="" />
            <WordsStyle name="OPERATOR" styleID="7" fgColor="E8E2B7" bgColor="293134" fontName="" fontStyle="0" fontSize="" />
            <WordsStyle name="NUMBER" styleID="8" fgColor="FFCD22" bgColor="293134" fontName="" fontStyle="0" fontSize="" />
            <WordsStyle name="CHARACTER" styleID="9" fgColor="FF8409" bgColor="293134" fontName="" fontStyle="0" fontSize="" />
            <WordsStyle name="STRING" styleID="11" fgColor="EC7600" bgColor="293134" fontName="" fontStyle="0" fontSize="" />
            <WordsStyle name="COMMENT" styleID="12" fgColor="66747B" bgColor="293134" fontName="" fontStyle="0" fontSize="" />
            <WordsStyle name="COMMENT LINE" styleID="13" fgColor="66747B" bgColor="293134" fontName="" fontStyle="0" fontSize="" />
            <WordsStyle name="COMMENT DOC" styleID="14" fgColor="6C788C" bgColor="293134" fontName="" fontStyle="0" fontSize="">param @projectDescription projectDescription @param</WordsStyle>
            <WordsStyle name="COMMENT LINE DOC" styleID="15" fgColor="6C788C" bgColor="293134" fontName="" fontStyle="0" fontSize="" />
        </LexerType>
        <LexerType name="cmake" desc="CMakeFile" ext="cmake">
            <WordsStyle name="DEFAULT" styleID="0" fgColor="E0E2E4" bgColor="293134" fontName="" fontStyle="0" fontSize="" />
            <WordsStyle name="COMMENT" styleID="1" fgColor="66747B" bgColor="293134" fontName="" fontStyle="0" fontSize="" />
            <WordsStyle name="STRING D" styleID="2" fgColor="E0E2E4" bgColor="293134" fontName="" fontStyle="0" fontSize="" />
            <WordsStyle name="STRING L" styleID="3" fgColor="E0E2E4" bgColor="293134" fontName="" fontStyle="0" fontSize="">import</WordsStyle>
            <WordsStyle name="STRING R" styleID="4" fgColor="E0E2E4" bgColor="293134" fontName="" fontStyle="0" fontSize="">import</WordsStyle>
            <WordsStyle name="COMMAND" styleID="5" fgColor="93C763" bgColor="293134" fontName="" fontStyle="0" fontSize="" keywordClass="instre1" />
            <WordsStyle name="PARAMETER" styleID="6" fgColor="E0E2E4" bgColor="293134" fontName="" fontStyle="0" fontSize="" />
            <WordsStyle name="VARIABLE" styleID="7" fgColor="678CB1" bgColor="293134" fontName="" fontStyle="0" fontSize="" />
            <WordsStyle name="USER DEFINED" styleID="8" fgColor="A082BD" bgColor="293134" fontName="" fontStyle="0" fontSize="" keywordClass="type1" />
            <WordsStyle name="WHILEDEF" styleID="9" fgColor="D0D2B5" bgColor="293134" fontName="" fontStyle="1" fontSize="" />
            <WordsStyle name="FOREACHDEF" styleID="10" fgColor="D0D2B5" bgColor="293134" fontName="" fontStyle="1" fontSize="" />
            <WordsStyle name="IFDEF" styleID="11" fgColor="D0D2B5" bgColor="293134" fontName="" fontStyle="1" fontSize="" />
            <WordsStyle name="MACRODEF" styleID="12" fgColor="D0D2B5" bgColor="293134" fontName="" fontStyle="1" fontSize="" />
            <WordsStyle name="STRING VARIABLE" styleID="13" fgColor="EC7600" bgColor="293134" fontName="" fontStyle="1" fontSize="">param @projectDescription projectDescription @param</WordsStyle>
            <WordsStyle name="NUMBER" styleID="14" fgColor="FFCD22" bgColor="293134" fontName="" fontStyle="1" fontSize="" />
        </LexerType>
        <LexerType name="css" desc="CSS" ext="">
            <WordsStyle name="DEFAULT" styleID="0" fgColor="E0E2E4" bgColor="293134" fontName="" fontStyle="0" fontSize="" />
            <WordsStyle name="TAG" styleID="1" fgColor="D0D2B5" bgColor="293134" fontName="" fontStyle="0" fontSize="" />
            <WordsStyle name="CLASS" styleID="2" fgColor="93C763" bgColor="293134" fontName="" fontStyle="0" fontSize="" />
            <WordsStyle name="PSEUDOCLASS" styleID="3" fgColor="A082BD" bgColor="293134" fontName="" fontStyle="0" fontSize="">import</WordsStyle>
            <WordsStyle name="UNKNOWN_PSEUDOCLASS" styleID="4" fgColor="A082BD" bgColor="293134" fontName="" fontStyle="0" fontSize="">import</WordsStyle>
            <WordsStyle name="OPERATOR" styleID="5" fgColor="9CB4AA" bgColor="293134" fontName="" fontStyle="0" fontSize="" />
            <WordsStyle name="IDENTIFIER" styleID="6" fgColor="678CB1" bgColor="293134" fontName="" fontStyle="0" fontSize="" keywordClass="instre1" />
            <WordsStyle name="UNKNOWN_IDENTIFIER" styleID="7" fgColor="678CB1" bgColor="293134" fontName="" fontStyle="0" fontSize="" />
            <WordsStyle name="VALUE" styleID="8" fgColor="F0F0F0" bgColor="293134" fontName="" fontStyle="0" fontSize="" />
            <WordsStyle name="COMMENT" styleID="9" fgColor="66747B" bgColor="293134" fontName="" fontStyle="0" fontSize="" />
            <WordsStyle name="ID" styleID="10" fgColor="D5AB55" bgColor="293134" fontName="" fontStyle="0" fontSize="" />
            <WordsStyle name="IMPORTANT" styleID="11" fgColor="F3DB2E" bgColor="293134" fontName="" fontStyle="0" fontSize="" />
            <WordsStyle name="DIRECTIVE" styleID="12" fgColor="A082BD" bgColor="293134" fontName="" fontStyle="0" fontSize="" />
        </LexerType>
        <LexerType name="diff" desc="DIFF" ext="">
            <WordsStyle name="DEFAULT" styleID="0" fgColor="E0E2E4" bgColor="293134" fontName="" fontStyle="0" fontSize="" />
            <WordsStyle name="COMMENT" styleID="1" fgColor="E0E2E4" bgColor="293134" fontName="" fontStyle="0" fontSize="" />
            <WordsStyle name="COMMAND" styleID="2" fgColor="E0E2E4" bgColor="293134" fontName="" fontStyle="1" fontSize="" />
            <WordsStyle name="HEADER" styleID="3" fgColor="E0E2E4" bgColor="293134" fontName="" fontStyle="0" fontSize="" />
            <WordsStyle name="POSITION" styleID="4" fgColor="E0E2E4" bgColor="293134" fontName="" fontStyle="0" fontSize="" />
            <WordsStyle name="DELETED" styleID="5" fgColor="E0E2E4" bgColor="293134" fontName="" fontStyle="0" fontSize="" />
            <WordsStyle name="ADDED" styleID="6" fgColor="E0E2E4" bgColor="293134" fontName="" fontStyle="0" fontSize="" />
        </LexerType>
        <LexerType name="nfo" desc="Dos Style" ext="">
            <WordsStyle name="DEFAULT" styleID="32" fgColor="E0E2E4" bgColor="293134" fontSize="" fontStyle="0" />
        </LexerType>
        <LexerType name="fortran" desc="Fortran" ext="">
            <WordsStyle name="DEFAULT" styleID="0" fgColor="E0E2E4" bgColor="293134" fontName="" fontStyle="0" fontSize="" />
            <WordsStyle name="COMMENT" styleID="1" fgColor="66747B" bgColor="293134" fontName="" fontStyle="0" fontSize="" />
            <WordsStyle name="NUMBER" styleID="2" fgColor="FFCD22" bgColor="293134" fontName="" fontStyle="0" fontSize="" />
            <WordsStyle name="STRING" styleID="3" fgColor="EC7600" bgColor="293134" fontName="" fontStyle="0" fontSize="" />
            <WordsStyle name="STRING2" styleID="4" fgColor="FF8409" bgColor="293134" fontName="" fontStyle="0" fontSize="" />
            <WordsStyle name="STRINGEOL" styleID="5" fgColor="E0E2E4" bgColor="293134" fontName="" fontStyle="0" fontSize="" />
            <WordsStyle name="OPERATOR" styleID="6" fgColor="E8E2B7" bgColor="293134" fontName="" fontStyle="0" fontSize="" />
            <WordsStyle name="IDENTIFIER" styleID="7" fgColor="E0E2E4" bgColor="293134" fontName="" fontStyle="0" fontSize="" />
            <WordsStyle name="INSTRUCTION WORD" styleID="8" fgColor="93C763" bgColor="293134" fontName="" fontStyle="1" fontSize="" keywordClass="instre1" />
            <WordsStyle name="FUNCTION1" styleID="9" fgColor="E0E2E4" bgColor="293134" fontName="" fontStyle="0" fontSize="" keywordClass="instre2" />
            <WordsStyle name="FUNCTION2" styleID="10" fgColor="E0E2E4" bgColor="293134" fontName="" fontStyle="0" fontSize="" keywordClass="type1" />
            <WordsStyle name="PREPROCESSOR" styleID="11" fgColor="A082BD" bgColor="293134" fontName="" fontStyle="0" fontSize="" />
            <WordsStyle name="OPERATOR2" styleID="12" fgColor="E8E2B7" bgColor="293134" fontName="" fontStyle="0" fontSize="" />
            <WordsStyle name="LABEL" styleID="13" fgColor="678CB1" bgColor="293134" fontName="" fontStyle="0" fontSize="" />
            <WordsStyle name="CONTINUATION" styleID="14" fgColor="9FAC95" bgColor="293134" fontName="" fontStyle="0" fontSize="" />
        </LexerType>
        <LexerType name="haskell" desc="Haskell" ext="">
            <WordsStyle name="DEFAULT" styleID="0" fgColor="E0E2E4" bgColor="293134" fontName="" fontStyle="0" fontSize="" />
            <WordsStyle name="IDENTIFIER" styleID="1" fgColor="E0E2E4" bgColor="293134" fontName="" fontStyle="0" fontSize="" />
            <WordsStyle name="KEYWORD" styleID="2" fgColor="93C763" bgColor="293134" fontName="" fontStyle="1" fontSize="" />
            <WordsStyle name="NUMBER" styleID="3" fgColor="FFCD22" bgColor="293134" fontName="" fontStyle="0" fontSize="" />
            <WordsStyle name="STRING" styleID="4" fgColor="EC7600" bgColor="293134" fontName="" fontStyle="0" fontSize="" />
            <WordsStyle name="CHARACTER" styleID="5" fgColor="FF8409" bgColor="293134" fontName="" fontStyle="0" fontSize="" />
            <WordsStyle name="CLASS" styleID="6" fgColor="E0E2E4" bgColor="293134" fontName="" fontStyle="0" fontSize="" />
            <WordsStyle name="MODULE" styleID="7" fgColor="E0E2E4" bgColor="293134" fontName="" fontStyle="0" fontSize="" />
            <WordsStyle name="CAPITAL" styleID="8" fgColor="E0E2E4" bgColor="293134" fontName="" fontStyle="0" fontSize="" />
            <WordsStyle name="DATA" styleID="9" fgColor="E0E2E4" bgColor="293134" fontName="" fontStyle="0" fontSize="" />
            <WordsStyle name="IMPORT" styleID="10" fgColor="E0E2E4" bgColor="293134" fontName="" fontStyle="0" fontSize="" />
            <WordsStyle name="OPERATOR" styleID="11" fgColor="E8E2B7" bgColor="293134" fontName="" fontStyle="0" fontSize="" />
            <WordsStyle name="INSTANCE" styleID="12" fgColor="E0E2E4" bgColor="293134" fontName="" fontStyle="0" fontSize="" />
            <WordsStyle name="COMMENTLINE" styleID="13" fgColor="66747B" bgColor="293134" fontName="" fontStyle="0" fontSize="" />
            <WordsStyle name="COMMENTBLOCK" styleID="14" fgColor="66747B" bgColor="293134" fontName="" fontStyle="0" fontSize="" />
            <WordsStyle name="COMMENTBLOCK2" styleID="15" fgColor="66747B" bgColor="293134" fontName="" fontStyle="0" fontSize="" />
            <WordsStyle name="COMMENTBLOCK3" styleID="16" fgColor="66747B" bgColor="293134" fontName="" fontStyle="0" fontSize="" />
        </LexerType>
        <LexerType name="html" desc="HTML" ext="lbi dwt">
            <WordsStyle name="DEFAULT" styleID="0" fgColor="E0E2E4" bgColor="293134" fontName="" fontStyle="0" fontSize="" />
            <WordsStyle name="COMMENT" styleID="9" fgColor="66747B" bgColor="293134" fontName="" fontStyle="0" fontSize="" />
            <WordsStyle name="NUMBER" styleID="5" fgColor="FFCD22" bgColor="293134" fontName="" fontStyle="0" fontSize="" />
            <WordsStyle name="DOUBLESTRING" styleID="6" fgColor="E1E2CF" bgColor="293134" fontName="" fontStyle="0" fontSize="" />
            <WordsStyle name="SINGLESTRING" styleID="7" fgColor="E1E2CF" bgColor="293134" fontName="" fontStyle="0" fontSize="" />
            <WordsStyle name="TAG" styleID="1" fgColor="8CBBAD" bgColor="293134" fontName="" fontStyle="1" fontSize="" />
            <WordsStyle name="TAGEND" styleID="11" fgColor="8CBBAD" bgColor="293134" fontName="" fontStyle="1" fontSize="" />
            <WordsStyle name="TAGUNKNOWN" styleID="2" fgColor="8CBBAD" bgColor="293134" fontName="" fontStyle="1" fontSize="" />
            <WordsStyle name="ATTRIBUTE" styleID="3" fgColor="B3B689" bgColor="293134" fontName="" fontStyle="1" fontSize="" />
            <WordsStyle name="ATTRIBUTEUNKNOWN" styleID="4" fgColor="B3B689" bgColor="293134" fontName="" fontStyle="1" fontSize="" />
            <WordsStyle name="SGMLDEFAULT" styleID="21" fgColor="D39745" bgColor="293134" fontName="" fontStyle="0" fontSize="" />
            <WordsStyle name="CDATA" styleID="17" fgColor="D0D2B5" bgColor="293134" fontName="" fontStyle="0" fontSize="" />
            <WordsStyle name="VALUE" styleID="19" fgColor="FF8000" bgColor="293134" fontName="" fontStyle="0" fontSize="" />
            <WordsStyle name="ENTITY" styleID="10" fgColor="BBBBBB" bgColor="293134" fontName="" fontStyle="0" fontSize="" />
        </LexerType>
        <LexerType name="ini" desc="ini file" ext="">
            <WordsStyle name="DEFAULT" styleID="0" fgColor="E0E2E4" bgColor="293134" fontName="" fontStyle="0" fontSize="" />
            <WordsStyle name="COMMENT" styleID="1" fgColor="66747B" bgColor="293134" fontName="" fontStyle="0" fontSize="" />
            <WordsStyle name="SECTION" styleID="2" fgColor="A082BD" bgColor="293134" fontName="" fontStyle="1" fontSize="" />
            <WordsStyle name="ASSIGNMENT" styleID="3" fgColor="E8E2B7" bgColor="293134" fontName="" fontStyle="0" fontSize="" />
            <WordsStyle name="DEFVAL" styleID="4" fgColor="FFCD22" bgColor="293134" fontName="" fontStyle="0" fontSize="" />
        </LexerType>
        <LexerType name="inno" desc="InnoSetup" ext="">
            <WordsStyle name="DEFAULT" styleID="0" fgColor="E0E2E4" bgColor="293134" fontName="" fontStyle="0" fontSize="" />
            <WordsStyle name="COMMENT" styleID="1" fgColor="66747B" bgColor="293134" fontName="" fontStyle="0" fontSize="" />
            <WordsStyle name="KEYWORD" styleID="2" fgColor="93C763" bgColor="293134" fontName="" fontStyle="1" fontSize="" keywordClass="instre2" />
            <WordsStyle name="PARAMETER" styleID="3" fgColor="E0E2E4" bgColor="293134" fontName="" fontStyle="0" fontSize="" keywordClass="type1" />
            <WordsStyle name="SECTION" styleID="4" fgColor="E0E2E4" bgColor="293134" fontName="" fontStyle="0" fontSize="" keywordClass="instre1" />
            <WordsStyle name="PREPROCESSOR" styleID="5" fgColor="E0E2E4" bgColor="293134" fontName="" fontStyle="0" fontSize="" keywordClass="type2" />
            <WordsStyle name="PREPROCESSOR INLINE" styleID="6" fgColor="E0E2E4" bgColor="293134" fontName="" fontStyle="0" fontSize="" />
            <WordsStyle name="COMMENT PASCAL" styleID="7" fgColor="66747B" bgColor="293134" fontName="" fontStyle="0" fontSize="" />
            <WordsStyle name="KEYWORD PASCAL" styleID="8" fgColor="93C763" bgColor="293134" fontName="" fontStyle="0" fontSize="" keywordClass="type3" />
            <WordsStyle name="KEYWORD USER" styleID="9" fgColor="E0E2E4" bgColor="293134" fontName="" fontStyle="0" fontSize="" keywordClass="type4" />
            <WordsStyle name="STRING DOUBLE" styleID="10" fgColor="EC7600" bgColor="293134" fontName="" fontStyle="0" fontSize="" />
            <WordsStyle name="STRING SINGLE" styleID="11" fgColor="FF8409" bgColor="293134" fontName="" fontStyle="0" fontSize="" />
            <WordsStyle name="IDENTIFIER" styleID="12" fgColor="E0E2E4" bgColor="293134" fontName="" fontStyle="0" fontSize="" />
        </LexerType>
        <LexerType name="java" desc="Java" ext="">
            <WordsStyle name="PREPROCESSOR" styleID="9" fgColor="A082BD" bgColor="293134" fontName="" fontStyle="0" fontSize="" />
            <WordsStyle name="DEFAULT" styleID="11" fgColor="E0E2E4" bgColor="293134" fontName="" fontStyle="0" fontSize="" />
            <WordsStyle name="INSTRUCTION WORD" styleID="5" fgColor="93C763" bgColor="293134" fontName="" fontStyle="1" fontSize="" keywordClass="instre1" />
            <WordsStyle name="TYPE WORD" styleID="16" fgColor="678CB1" bgColor="293134" fontName="" fontStyle="0" fontSize="" keywordClass="type1" />
            <WordsStyle name="NUMBER" styleID="4" fgColor="FFCD22" bgColor="293134" fontName="" fontStyle="0" fontSize="" />
            <WordsStyle name="STRING" styleID="6" fgColor="EC7600" bgColor="293134" fontName="" fontStyle="0" fontSize="" />
            <WordsStyle name="CHARACTER" styleID="7" fgColor="FF8409" bgColor="293134" fontName="" fontStyle="0" fontSize="" />
            <WordsStyle name="OPERATOR" styleID="10" fgColor="E8E2B7" bgColor="293134" fontName="" fontStyle="0" fontSize="" />
            <WordsStyle name="VERBATIM" styleID="13" fgColor="E0E2E4" bgColor="293134" fontName="" fontStyle="0" fontSize="" />
            <WordsStyle name="REGEX" styleID="14" fgColor="D39745" bgColor="293134" fontName="" fontStyle="0" fontSize="" />
            <WordsStyle name="COMMENT" styleID="1" fgColor="66747B" bgColor="293134" fontName="" fontStyle="0" fontSize="" />
            <WordsStyle name="COMMENT LINE" styleID="2" fgColor="66747B" bgColor="293134" fontName="" fontStyle="0" fontSize="" />
            <WordsStyle name="COMMENT DOC" styleID="3" fgColor="6C788C" bgColor="293134" fontName="" fontStyle="0" fontSize="" />
            <WordsStyle name="COMMENT LINE DOC" styleID="15" fgColor="6C788C" bgColor="293134" fontName="" fontStyle="0" fontSize="" />
            <WordsStyle name="COMMENT DOC KEYWORD" styleID="17" fgColor="6C788C" bgColor="293134" fontName="" fontStyle="1" fontSize="" />
            <WordsStyle name="COMMENT DOC KEYWORD ERROR" styleID="18" fgColor="6C788C" bgColor="293134" fontName="" fontStyle="1" fontSize="" />
        </LexerType>
        <LexerType name="javascript" desc="Javascript" ext="">
            <WordsStyle name="DEFAULT" styleID="41" fgColor="E0E2E4" bgColor="293134" fontName="" fontStyle="0" fontSize="" />
            <WordsStyle name="NUMBER" styleID="45" fgColor="FFCD22" bgColor="293134" fontName="" fontStyle="0" fontSize="" />
            <WordsStyle name="WORD" styleID="46" fgColor="E0E2E4" bgColor="293134" fontName="" fontStyle="0" fontSize="" />
            <WordsStyle name="KEYWORD" styleID="47" fgColor="93C763" bgColor="293134" fontName="" fontStyle="1" fontSize="" keywordClass="instre1" />
            <WordsStyle name="DOUBLESTRING" styleID="48" fgColor="EC7600" bgColor="293134" fontName="" fontStyle="0" fontSize="" />
            <WordsStyle name="SINGLESTRING" styleID="49" fgColor="EC7600" bgColor="293134" fontName="" fontStyle="0" fontSize="" />
            <WordsStyle name="SYMBOLS" styleID="50" fgColor="E8E2B7" bgColor="293134" fontName="" fontStyle="0" fontSize="" />
            <WordsStyle name="STRINGEOL" styleID="51" fgColor="E0E2E4" bgColor="293134" fontName="" fontStyle="0" fontSize="" />
            <WordsStyle name="REGEX" styleID="52" fgColor="D39745" bgColor="293134" fontName="" fontStyle="0" fontSize="" />
            <WordsStyle name="COMMENT" styleID="42" fgColor="818E96" bgColor="293134" fontName="" fontStyle="0" fontSize="" />
            <WordsStyle name="COMMENTLINE" styleID="43" fgColor="818E96" bgColor="293134" fontName="" fontStyle="0" fontSize="" />
            <WordsStyle name="COMMENTDOC" styleID="44" fgColor="6C788C" bgColor="293134" fontName="" fontStyle="0" fontSize="" />
        </LexerType>
        <LexerType name="kix" desc="KiXtart" ext="">
            <WordsStyle name="DEFAULT" styleID="31" fgColor="E0E2E4" bgColor="293134" fontName="" fontStyle="0" fontSize="" />
            <WordsStyle name="COMMENT" styleID="1" fgColor="66747B" bgColor="293134" fontName="" fontStyle="0" fontSize="" />
            <WordsStyle name="STRING" styleID="2" fgColor="EC7600" bgColor="293134" fontName="" fontStyle="0" fontSize="" />
            <WordsStyle name="STRING2" styleID="3" fgColor="FF8409" bgColor="293134" fontName="" fontStyle="0" fontSize="" />
            <WordsStyle name="NUMBER" styleID="4" fgColor="FFCD22" bgColor="293134" fontName="" fontStyle="0" fontSize="" />
            <WordsStyle name="VAR" styleID="5" fgColor="678CB1" bgColor="293134" fontName="" fontStyle="0" fontSize="" />
            <WordsStyle name="MACRO" styleID="6" fgColor="E0E2E4" bgColor="293134" fontName="" fontStyle="0" fontSize="" keywordClass="instre2" />
            <WordsStyle name="INSTRUCTION WORD" styleID="7" fgColor="93C763" bgColor="293134" fontName="" fontStyle="1" fontSize="" keywordClass="instre1" />
            <WordsStyle name="FUNCTION" styleID="8" fgColor="E0E2E4" bgColor="293134" fontName="" fontStyle="0" fontSize="" keywordClass="type1" />
            <WordsStyle name="OPERATOR" styleID="9" fgColor="E8E2B7" bgColor="293134" fontName="" fontStyle="0" fontSize="" />
        </LexerType>
        <LexerType name="lisp" desc="LISP" ext="">
            <WordsStyle name="DEFAULT" styleID="0" fgColor="E0E2E4" bgColor="293134" fontName="" fontStyle="0" fontSize="" />
            <WordsStyle name="COMMENTLINE" styleID="1" fgColor="66747B" bgColor="293134" fontName="" fontStyle="0" fontSize="" />
            <WordsStyle name="NUMBER" styleID="2" fgColor="FFCD22" bgColor="293134" fontName="" fontStyle="0" fontSize="" />
            <WordsStyle name="FUNCTION WORD" styleID="3" fgColor="93C763" bgColor="293134" fontName="" fontStyle="1" fontSize="" keywordClass="instre1" />
            <WordsStyle name="SYMBOL" styleID="5" fgColor="E0E2E4" bgColor="293134" fontName="" fontStyle="0" fontSize="" />
            <WordsStyle name="STRING" styleID="6" fgColor="EC7600" bgColor="293134" fontName="" fontStyle="0" fontSize="" />
            <WordsStyle name="STRINGEOL" styleID="8" fgColor="E0E2E4" bgColor="293134" fontName="" fontStyle="0" fontSize="" />
            <WordsStyle name="IDENTIFIER" styleID="9" fgColor="E0E2E4" bgColor="293134" fontName="" fontStyle="0" fontSize="" />
            <WordsStyle name="OPERATOR" styleID="10" fgColor="E8E2B7" bgColor="293134" fontName="" fontStyle="0" fontSize="" keywordClass="type1" />
            <WordsStyle name="SPECIAL" styleID="11" fgColor="E0E2E4" bgColor="293134" fontName="" fontStyle="0" fontSize="" />
            <WordsStyle name="COMMENT" styleID="12" fgColor="66747B" bgColor="293134" fontName="" fontStyle="0" fontSize="" />
        </LexerType>
        <LexerType name="lua" desc="Lua" ext="">
            <WordsStyle name="DEFAULT" styleID="0" fgColor="E0E2E4" bgColor="293134" fontName="" fontStyle="0" fontSize="" />
            <WordsStyle name="COMMENT" styleID="1" fgColor="66747B" bgColor="293134" fontName="" fontStyle="0" fontSize="" />
            <WordsStyle name="COMMENT LINE" styleID="2" fgColor="66747B" bgColor="293134" fontName="" fontStyle="0" fontSize="" />
            <WordsStyle name="COMMENT DOC" styleID="3" fgColor="6C788C" bgColor="293134" fontName="" fontStyle="0" fontSize="" />
            <WordsStyle name="LITERALSTRING" styleID="8" fgColor="C29F56" bgColor="293134" fontName="" fontStyle="0" fontSize="" />
            <WordsStyle name="PREPROCESSOR" styleID="9" fgColor="A082BD" bgColor="293134" fontName="" fontStyle="0" fontSize="" />
            <WordsStyle name="INSTRUCTION WORD" styleID="5" fgColor="93C763" bgColor="293134" fontName="" fontStyle="1" fontSize="" keywordClass="instre1" />
            <WordsStyle name="NUMBER" styleID="4" fgColor="FFCD22" bgColor="293134" fontName="" fontStyle="0" fontSize="" />
            <WordsStyle name="STRING" styleID="6" fgColor="EC7600" bgColor="293134" fontName="" fontStyle="0" fontSize="" />
            <WordsStyle name="CHARACTER" styleID="7" fgColor="FF8409" bgColor="293134" fontName="" fontStyle="0" fontSize="" />
            <WordsStyle name="OPERATOR" styleID="10" fgColor="E8E2B7" bgColor="293134" fontName="" fontStyle="0" fontSize="" />
            <WordsStyle name="FUNC1" styleID="13" fgColor="678CB1" bgColor="293134" fontName="" fontStyle="0" fontSize="" keywordClass="instre2" />
            <WordsStyle name="FUNC2" styleID="14" fgColor="678CB1" bgColor="293134" fontName="" fontStyle="0" fontSize="" keywordClass="type1" />
            <WordsStyle name="FUNC3" styleID="15" fgColor="678CB1" bgColor="293134" fontName="" fontStyle="0" fontSize="" keywordClass="type2" />
        </LexerType>
        <LexerType name="makefile" desc="Makefile" ext="">
            <WordsStyle name="DEFAULT" styleID="0" fgColor="E0E2E4" bgColor="293134" fontName="" fontStyle="0" fontSize="" />
            <WordsStyle name="COMMENT" styleID="1" fgColor="66747B" bgColor="293134" fontName="" fontStyle="0" fontSize="" />
            <WordsStyle name="PREPROCESSOR" styleID="2" fgColor="A082BD" bgColor="293134" fontName="" fontStyle="0" fontSize="" />
            <WordsStyle name="IDENTIFIER" styleID="3" fgColor="678CB1" bgColor="293134" fontName="" fontStyle="0" fontSize="" />
            <WordsStyle name="OPERATOR" styleID="4" fgColor="E8E2B7" bgColor="293134" fontName="" fontStyle="0" fontSize="" />
            <WordsStyle name="TARGET" styleID="5" fgColor="93C763" bgColor="293134" fontName="" fontStyle="0" fontSize="" />
            <WordsStyle name="IDEOL" styleID="9" fgColor="D39745" bgColor="293134" fontName="" fontStyle="0" fontSize="" />
        </LexerType>
        <LexerType name="matlab" desc="Matlab" ext="">
            <WordsStyle name="DEFAULT" styleID="0" fgColor="E0E2E4" bgColor="293134" fontName="" fontStyle="0" fontSize="" />
            <WordsStyle name="COMMENT" styleID="1" fgColor="66747B" bgColor="293134" fontName="" fontStyle="0" fontSize="" />
            <WordsStyle name="COMMAND" styleID="2" fgColor="E0E2E4" bgColor="293134" fontName="" fontStyle="0" fontSize="" />
            <WordsStyle name="NUMBER" styleID="3" fgColor="FFCD22" bgColor="293134" fontName="" fontStyle="0" fontSize="" />
            <WordsStyle name="INSTRUCTION WORD" styleID="4" fgColor="93C763" bgColor="293134" fontName="" fontStyle="1" fontSize="" keywordClass="instre1">endfunction endif</WordsStyle>
            <WordsStyle name="STRING" styleID="5" fgColor="FF8409" bgColor="293134" fontName="" fontStyle="0" fontSize="" />
            <WordsStyle name="OPERATOR" styleID="6" fgColor="E8E2B7" bgColor="293134" fontName="" fontStyle="0" fontSize="" />
            <WordsStyle name="IDENTIFIER" styleID="7" fgColor="E0E2E4" bgColor="293134" fontName="" fontStyle="0" fontSize="" />
            <WordsStyle name="DOUBLE QUOTE STRING" styleID="8" fgColor="EC7600" bgColor="293134" fontName="" fontStyle="0" fontSize="" />
        </LexerType>
        <LexerType name="nsis" desc="NSIS" ext="">
            <WordsStyle name="DEFAULT" styleID="0" fgColor="E0E2E4" bgColor="293134" fontName="" fontStyle="0" fontSize="" />
            <WordsStyle name="COMMENTLINE" styleID="1" fgColor="66747B" bgColor="293134" fontName="" fontStyle="0" fontSize="">ContentScroller</WordsStyle>
            <WordsStyle name="STRING DOUBLE QUOTE" styleID="2" fgColor="EC7600" bgColor="293134" fontName="" fontStyle="0" fontSize="" />
            <WordsStyle name="STRING LEFT QUOTE" styleID="3" fgColor="E0E2E4" bgColor="293134" fontName="" fontStyle="0" fontSize="" />
            <WordsStyle name="STRING RIGHT QUOTE" styleID="4" fgColor="E0E2E4" bgColor="293134" fontName="" fontStyle="0" fontSize="">onMotionChanged onMotionFinished Tween ImagesStrip ContentScroller mx transitions easing Sprite Point MouseEvent Event BitmapData Timer TimerEvent addEventListener event x y height width</WordsStyle>
            <WordsStyle name="FUNCTION" styleID="5" fgColor="93C763" bgColor="293134" fontName="" fontStyle="1" fontSize="" keywordClass="instre1" />
            <WordsStyle name="VARIABLE" styleID="6" fgColor="678CB1" bgColor="293134" fontName="" fontStyle="0" fontSize="" keywordClass="instre2" />
            <WordsStyle name="LABEL" styleID="7" fgColor="D39745" bgColor="293134" fontName="" fontStyle="0" fontSize="" keywordClass="type1" />
            <WordsStyle name="USER DEFINED" styleID="8" fgColor="E0E2E4" bgColor="293134" fontName="" fontStyle="0" fontSize="" keywordClass="type2" />
            <WordsStyle name="SECTION" styleID="9" fgColor="D955C1" bgColor="293134" fontName="" fontStyle="0" fontSize="" />
            <WordsStyle name="SUBSECTION" styleID="10" fgColor="E0E2E4" bgColor="293134" fontName="" fontStyle="0" fontSize="" />
            <WordsStyle name="IF DEFINE" styleID="11" fgColor="E0E2E4" bgColor="293134" fontName="" fontStyle="0" fontSize="" />
            <WordsStyle name="MACRO" styleID="12" fgColor="E0E2E4" bgColor="293134" fontName="" fontStyle="0" fontSize="" />
            <WordsStyle name="STRING VAR" styleID="13" fgColor="E0E2E4" bgColor="293134" fontName="" fontStyle="0" fontSize="" />
            <WordsStyle name="NUMBER" styleID="14" fgColor="FFCD22" bgColor="293134" fontName="" fontStyle="0" fontSize="" />
            <WordsStyle name="SECTION GROUP" styleID="15" fgColor="E0E2E4" bgColor="293134" fontName="" fontStyle="0" fontSize="" />
            <WordsStyle name="PAGE EX" styleID="16" fgColor="E0E2E4" bgColor="293134" fontName="" fontStyle="0" fontSize="" />
            <WordsStyle name="FUNCTION DEFINITIONS" styleID="17" fgColor="A082BD" bgColor="293134" fontName="" fontStyle="1" fontSize="" />
            <WordsStyle name="COMMENT" styleID="18" fgColor="6C788C" bgColor="293134" fontName="" fontStyle="0" fontSize="" />
        </LexerType>
        <LexerType name="objc" desc="Objective-C" ext="">
            <WordsStyle name="DIRECTIVE" styleID="19" fgColor="E0E2E4" bgColor="293134" fontName="" fontStyle="0" fontSize="" keywordClass="instre2" />
            <WordsStyle name="DEFAULT" styleID="11" fgColor="E0E2E4" bgColor="293134" fontName="" fontStyle="0" fontSize="" />
            <WordsStyle name="QUALIFIER" styleID="20" fgColor="ABBFD3" bgColor="293134" fontName="" fontStyle="0" fontSize="" keywordClass="type2" />
            <WordsStyle name="PREPROCESSOR" styleID="9" fgColor="A082BD" bgColor="293134" fontName="" fontStyle="0" fontSize="" />
            <WordsStyle name="INSTRUCTION WORD" styleID="5" fgColor="93C763" bgColor="293134" fontName="" fontStyle="1" fontSize="" keywordClass="instre1" />
            <WordsStyle name="TYPE WORD" styleID="16" fgColor="678CB1" bgColor="293134" fontName="" fontStyle="0" fontSize="" keywordClass="type1" />
            <WordsStyle name="NUMBER" styleID="4" fgColor="FFCD22" bgColor="293134" fontName="" fontStyle="0" fontSize="" />
            <WordsStyle name="STRING" styleID="6" fgColor="EC7600" bgColor="293134" fontName="" fontStyle="0" fontSize="" />
            <WordsStyle name="CHARACTER" styleID="7" fgColor="FF8409" bgColor="293134" fontName="" fontStyle="0" fontSize="" />
            <WordsStyle name="OPERATOR" styleID="10" fgColor="E8E2B7" bgColor="293134" fontName="" fontStyle="0" fontSize="" />
            <WordsStyle name="VERBATIM" styleID="13" fgColor="E0E2E4" bgColor="293134" fontName="" fontStyle="0" fontSize="" />
            <WordsStyle name="REGEX" styleID="14" fgColor="D39745" bgColor="293134" fontName="" fontStyle="0" fontSize="" />
            <WordsStyle name="COMMENT" styleID="1" fgColor="66747B" bgColor="293134" fontName="" fontStyle="0" fontSize="" />
            <WordsStyle name="COMMENT LINE" styleID="2" fgColor="66747B" bgColor="293134" fontName="" fontStyle="0" fontSize="" />
            <WordsStyle name="COMMENT DOC" styleID="3" fgColor="6C788C" bgColor="293134" fontName="" fontStyle="0" fontSize="" />
            <WordsStyle name="COMMENT LINE DOC" styleID="15" fgColor="6C788C" bgColor="293134" fontName="" fontStyle="0" fontSize="" />
            <WordsStyle name="COMMENT DOC KEYWORD" styleID="17" fgColor="6C788C" bgColor="293134" fontName="" fontStyle="1" fontSize="" />
            <WordsStyle name="COMMENT DOC KEYWORD ERROR" styleID="18" fgColor="6C788C" bgColor="293134" fontName="" fontStyle="1" fontSize="" />
        </LexerType>
        <LexerType name="pascal" desc="Pascal" ext="">
            <WordsStyle name="DEFAULT" styleID="0" fgColor="E0E2E4" bgColor="293134" fontName="" fontStyle="0" fontSize="" />
            <WordsStyle name="PREPROCESSOR" styleID="9" fgColor="A082BD" bgColor="293134" fontName="" fontStyle="0" fontSize="" />
            <WordsStyle name="PREPROCESSOR2" styleID="6" fgColor="9473B5" bgColor="293134" fontName="" fontStyle="0" fontSize="" />
            <WordsStyle name="IDENTIFIER" styleID="11" fgColor="E0E2E4" bgColor="293134" fontName="" fontStyle="0" fontSize="" />
            <WordsStyle name="INSTRUCTION WORD" styleID="5" fgColor="93C763" bgColor="293134" fontName="" fontStyle="1" fontSize="" keywordClass="instre1" />
            <WordsStyle name="NUMBER" styleID="4" fgColor="FFCD22" bgColor="293134" fontName="" fontStyle="0" fontSize="" />
            <WordsStyle name="HEX NUMBER" styleID="8" fgColor="FFCD22" bgColor="293134" fontName="" fontStyle="0" fontSize="" />
            <WordsStyle name="STRING" styleID="10" fgColor="EC7600" bgColor="293134" fontName="" fontStyle="0" fontSize="" />
            <WordsStyle name="STRING EOL" styleID="10" fgColor="EC7600" bgColor="293134" fontName="" fontStyle="0" fontSize="" />
            <WordsStyle name="CHARACTER" styleID="7" fgColor="EC7600" bgColor="293134" fontName="" fontStyle="0" fontSize="" />
            <WordsStyle name="OPERATOR" styleID="10" fgColor="E8E2B7" bgColor="293134" fontName="" fontStyle="0" fontSize="" />
            <WordsStyle name="REGEX" styleID="14" fgColor="D39745" bgColor="293134" fontName="" fontStyle="0" fontSize="" />
            <WordsStyle name="COMMENT" styleID="1" fgColor="66747B" bgColor="293134" fontName="" fontStyle="0" fontSize="" />
            <WordsStyle name="COMMENT LINE" styleID="2" fgColor="66747B" bgColor="293134" fontName="" fontStyle="0" fontSize="" />
            <WordsStyle name="COMMENT DOC" styleID="3" fgColor="6C788C" bgColor="293134" fontName="" fontStyle="0" fontSize="" />
        </LexerType>
        <LexerType name="perl" desc="Perl" ext="">
            <WordsStyle name="PREPROCESSOR" styleID="9" fgColor="A082BD" bgColor="293134" fontName="" fontStyle="0" fontSize="" />
            <WordsStyle name="DEFAULT" styleID="0" fgColor="E0E2E4" bgColor="293134" fontName="" fontStyle="0" fontSize="">ContentScroller</WordsStyle>
            <WordsStyle name="INSTRUCTION WORD" styleID="5" fgColor="93C763" bgColor="293134" fontName="" fontStyle="1" fontSize="" keywordClass="instre1" />
            <WordsStyle name="NUMBER" styleID="4" fgColor="FFCD22" bgColor="293134" fontName="" fontStyle="0" fontSize="" />
            <WordsStyle name="STRING" styleID="6" fgColor="EC7600" bgColor="293134" fontName="" fontStyle="0" fontSize="">onMotionChanged onMotionFinished Tween ImagesStrip ContentScroller mx transitions easing Sprite Point MouseEvent Event BitmapData Timer TimerEvent addEventListener event x y height width</WordsStyle>
            <WordsStyle name="CHARACTER" styleID="7" fgColor="FF8409" bgColor="293134" fontName="" fontStyle="0" fontSize="" />
            <WordsStyle name="OPERATOR" styleID="10" fgColor="E8E2B7" bgColor="293134" fontName="" fontStyle="0" fontSize="" />
            <WordsStyle name="REGEX" styleID="17" fgColor="D39745" bgColor="293134" fontName="" fontStyle="0" fontSize="" />
            <WordsStyle name="COMMENT LINE" styleID="2" fgColor="66747B" bgColor="293134" fontName="" fontStyle="0" fontSize="" />
            <WordsStyle name="SCALAR" styleID="12" fgColor="678CB1" bgColor="293134" fontName="" fontStyle="0" fontSize="" />
            <WordsStyle name="ARRAY" styleID="13" fgColor="5899C0" bgColor="293134" fontName="" fontStyle="0" fontSize="" />
            <WordsStyle name="HASH" styleID="14" fgColor="5AB9BE" bgColor="293134" fontName="" fontStyle="0" fontSize="" />
            <WordsStyle name="SYMBOL TABLE" styleID="15" fgColor="E0E2E4" bgColor="293134" fontName="" fontStyle="0" fontSize="" />
            <WordsStyle name="PUNCTUATION" styleID="8" fgColor="E0E2E4" bgColor="293134" fontName="" fontStyle="0" fontSize="" />
            <WordsStyle name="POD" styleID="3" fgColor="E0E2E4" bgColor="293134" fontName="" fontStyle="0" fontSize="" />
            <WordsStyle name="ERROR" styleID="1" fgColor="E0E2E4" bgColor="293134" fontName="" fontStyle="0" fontSize="" />
            <WordsStyle name="LONGQUOTE" styleID="19" fgColor="E0E2E4" bgColor="293134" fontName="" fontStyle="0" fontSize="" />
            <WordsStyle name="DATASECTION" styleID="21" fgColor="E0E2E4" bgColor="293134" fontName="" fontStyle="0" fontSize="" />
            <WordsStyle name="REGSUBST" styleID="18" fgColor="E0E2E4" bgColor="293134" fontName="" fontStyle="0" fontSize="" />
            <WordsStyle name="BACKTICKS" styleID="20" fgColor="E0E2E4" bgColor="293134" fontName="" fontStyle="0" fontSize="" />
        </LexerType>
        <LexerType name="php" desc="php" ext="php">
            <WordsStyle name="QUESTION MARK" styleID="18" fgColor="D955C1" bgColor="293134" fontName="" fontStyle="1" fontSize="" />
            <WordsStyle name="DEFAULT" styleID="118" fgColor="E0E2E4" bgColor="293134" fontName="" fontStyle="0" fontSize="" />
            <WordsStyle name="STRING" styleID="119" fgColor="EC7600" bgColor="293134" fontName="" fontStyle="0" fontSize="" />
            <WordsStyle name="STRING VARIABLE" styleID="126" fgColor="D39745" bgColor="293134" fontName="" fontStyle="0" fontSize="" />
            <WordsStyle name="SIMPLESTRING" styleID="120" fgColor="FF8409" bgColor="293134" fontName="" fontStyle="0" fontSize="" />
            <WordsStyle name="WORD" styleID="121" fgColor="93C763" bgColor="293134" fontName="" fontStyle="1" fontSize="" keywordClass="instre1" />
            <WordsStyle name="NUMBER" styleID="122" fgColor="FFCD22" bgColor="293134" fontName="" fontStyle="0" fontSize="" />
            <WordsStyle name="VARIABLE" styleID="123" fgColor="678CB1" bgColor="293134" fontName="" fontStyle="0" fontSize="" />
            <WordsStyle name="COMMENT" styleID="124" fgColor="66747B" bgColor="293134" fontName="" fontStyle="0" fontSize="" />
            <WordsStyle name="COMMENTLINE" styleID="125" fgColor="66747B" bgColor="293134" fontName="" fontStyle="0" fontSize="" />
            <WordsStyle name="OPERATOR" styleID="127" fgColor="E8E2B7" bgColor="293134" fontName="" fontStyle="0" fontSize="" />
        </LexerType>
        <LexerType name="postscript" desc="Postscript" ext="">
            <WordsStyle name="DEFAULT" styleID="0" fgColor="E0E2E4" bgColor="293134" fontName="" fontStyle="0" fontSize="" />
            <WordsStyle name="COMMENT" styleID="1" fgColor="66747B" bgColor="293134" fontName="" fontStyle="0" fontSize="" />
            <WordsStyle name="DSC COMMENT" styleID="2" fgColor="E0E2E4" bgColor="293134" fontName="" fontStyle="0" fontSize="" />
            <WordsStyle name="DSC VALUE" styleID="3" fgColor="E0E2E4" bgColor="293134" fontName="" fontStyle="0" fontSize="" />
            <WordsStyle name="NUMBER" styleID="4" fgColor="FFCD22" bgColor="293134" fontName="" fontStyle="0" fontSize="" />
            <WordsStyle name="Name" styleID="5" fgColor="E0E2E4" bgColor="293134" fontName="" fontStyle="0" fontSize="" />
            <WordsStyle name="INSTRUCTION" styleID="6" fgColor="93C763" bgColor="293134" fontName="" fontStyle="1" fontSize="" keywordClass="instre1" />
            <WordsStyle name="LITERAL" styleID="7" fgColor="E0E2E4" bgColor="293134" fontName="" fontStyle="0" fontSize="" />
            <WordsStyle name="IMMEVAL" styleID="8" fgColor="E0E2E4" bgColor="293134" fontName="" fontStyle="0" fontSize="" />
            <WordsStyle name="PAREN ARRAY" styleID="9" fgColor="E0E2E4" bgColor="293134" fontName="" fontStyle="0" fontSize="" />
            <WordsStyle name="PAREN DICT" styleID="10" fgColor="E0E2E4" bgColor="293134" fontName="" fontStyle="0" fontSize="" />
            <WordsStyle name="PAREN PROC" styleID="11" fgColor="E0E2E4" bgColor="293134" fontName="" fontStyle="0" fontSize="" />
            <WordsStyle name="TEXT" styleID="12" fgColor="EC7600" bgColor="293134" fontName="" fontStyle="0" fontSize="" />
            <WordsStyle name="HEX STRING" styleID="13" fgColor="E0E2E4" bgColor="293134" fontName="" fontStyle="0" fontSize="" />
            <WordsStyle name="BASE85 STRING" styleID="14" fgColor="E0E2E4" bgColor="293134" fontName="" fontStyle="0" fontSize="" />
            <WordsStyle name="BAD STRING CHAR" styleID="15" fgColor="E0E2E4" bgColor="293134" fontName="" fontStyle="0" fontSize="" />
        </LexerType>
        <LexerType name="props" desc="Properties file" ext="">
            <WordsStyle name="DEFAULT" styleID="0" fgColor="E0E2E4" bgColor="293134" fontName="" fontStyle="0" fontSize="" />
            <WordsStyle name="COMMENT" styleID="1" fgColor="66747B" bgColor="293134" fontName="" fontStyle="0" fontSize="" />
            <WordsStyle name="SECTION" styleID="2" fgColor="A082BD" bgColor="293134" fontName="" fontStyle="0" fontSize="" />
            <WordsStyle name="ASSIGNMENT" styleID="3" fgColor="E8E2B7" bgColor="293134" fontName="" fontStyle="0" fontSize="" />
            <WordsStyle name="DEFVAL" styleID="4" fgColor="E0E2E4" bgColor="293134" fontName="" fontStyle="0" fontSize="" />
        </LexerType>
        <LexerType name="python" desc="Python" ext="">
            <WordsStyle name="DEFAULT" styleID="0" fgColor="E0E2E4" bgColor="293134" fontName="" fontStyle="0" fontSize="" />
            <WordsStyle name="COMMENTLINE" styleID="1" fgColor="66747B" bgColor="293134" fontName="" fontStyle="0" fontSize="" />
            <WordsStyle name="NUMBER" styleID="2" fgColor="FFCD22" bgColor="293134" fontName="" fontStyle="0" fontSize="" />
            <WordsStyle name="STRING" styleID="3" fgColor="EC7600" bgColor="293134" fontName="" fontStyle="0" fontSize="" />
            <WordsStyle name="CHARACTER" styleID="4" fgColor="FF8409" bgColor="293134" fontName="" fontStyle="0" fontSize="" />
            <WordsStyle name="KEYWORDS" styleID="5" fgColor="93C763" bgColor="293134" fontName="" fontStyle="1" fontSize="" keywordClass="instre1">True False</WordsStyle>
            <WordsStyle name="TRIPLE" styleID="6" fgColor="66747B" bgColor="293134" fontName="" fontStyle="0" fontSize="" />
            <WordsStyle name="TRIPLEDOUBLE" styleID="7" fgColor="66747B" bgColor="293134" fontName="" fontStyle="0" fontSize="" />
            <WordsStyle name="CLASSNAME" styleID="8" fgColor="A082BD" bgColor="293134" fontName="" fontStyle="1" fontSize="" />
            <WordsStyle name="DEFNAME" styleID="9" fgColor="678CB1" bgColor="293134" fontName="" fontStyle="1" fontSize="" />
            <WordsStyle name="OPERATOR" styleID="10" fgColor="E8E2B7" bgColor="293134" fontName="" fontStyle="0" fontSize="" />
            <WordsStyle name="IDENTIFIER" styleID="11" fgColor="E0E2E4" bgColor="293134" fontName="" fontStyle="0" fontSize="" />
            <WordsStyle name="COMMENTBLOCK" styleID="12" fgColor="66747B" bgColor="293134" fontName="" fontStyle="0" fontSize="" />
            <WordsStyle name="STRINGEOL" styleID="12" fgColor="E0E2E4" bgColor="293134" fontName="" fontStyle="0" fontSize="" />
        </LexerType>
        <LexerType name="rc" desc="RC" ext="">
            <WordsStyle name="PREPROCESSOR" styleID="9" fgColor="A082BD" bgColor="293134" fontName="" fontStyle="0" fontSize="" />
            <WordsStyle name="DEFAULT" styleID="11" fgColor="E0E2E4" bgColor="293134" fontName="" fontStyle="0" fontSize="" />
            <WordsStyle name="INSTRUCTION WORD" styleID="5" fgColor="93C763" bgColor="293134" fontName="" fontStyle="1" fontSize="" keywordClass="instre1" />
            <WordsStyle name="TYPE WORD" styleID="16" fgColor="678CB1" bgColor="293134" fontName="" fontStyle="0" fontSize="" />
            <WordsStyle name="NUMBER" styleID="4" fgColor="FFCD22" bgColor="293134" fontName="" fontStyle="0" fontSize="" />
            <WordsStyle name="STRING" styleID="6" fgColor="EC7600" bgColor="293134" fontName="" fontStyle="0" fontSize="" />
            <WordsStyle name="CHARACTER" styleID="7" fgColor="FF8409" bgColor="293134" fontName="" fontStyle="0" fontSize="" />
            <WordsStyle name="OPERATOR" styleID="10" fgColor="E8E2B7" bgColor="293134" fontName="" fontStyle="0" fontSize="" />
            <WordsStyle name="VERBATIM" styleID="13" fgColor="E0E2E4" bgColor="293134" fontName="" fontStyle="0" fontSize="" />
            <WordsStyle name="REGEX" styleID="14" fgColor="D39745" bgColor="293134" fontName="" fontStyle="0" fontSize="" />
            <WordsStyle name="COMMENT" styleID="1" fgColor="66747B" bgColor="293134" fontName="" fontStyle="0" fontSize="" />
            <WordsStyle name="COMMENT LINE" styleID="2" fgColor="66747B" bgColor="293134" fontName="" fontStyle="0" fontSize="" />
            <WordsStyle name="COMMENT DOC" styleID="3" fgColor="6C788C" bgColor="293134" fontName="" fontStyle="0" fontSize="" />
            <WordsStyle name="COMMENT LINE DOC" styleID="15" fgColor="6C788C" bgColor="293134" fontName="" fontStyle="0" fontSize="" />
            <WordsStyle name="COMMENT DOC KEYWORD" styleID="17" fgColor="6C788C" bgColor="293134" fontName="" fontStyle="1" fontSize="" />
            <WordsStyle name="COMMENT DOC KEYWORD ERROR" styleID="18" fgColor="6C788C" bgColor="293134" fontName="" fontStyle="1" fontSize="" />
        </LexerType>
        <LexerType name="ruby" desc="Ruby" ext="">
            <WordsStyle name="DEFAULT" styleID="0" fgColor="E0E2E4" bgColor="293134" fontName="" fontStyle="0" fontSize="" />
            <WordsStyle name="ERROR" styleID="1" fgColor="E0E2E4" bgColor="293134" fontName="" fontStyle="0" fontSize="" />
            <WordsStyle name="COMMENTLINE" styleID="2" fgColor="66747B" bgColor="293134" fontName="" fontStyle="0" fontSize="" />
            <WordsStyle name="POD" styleID="3" fgColor="E0E2E4" bgColor="293134" fontName="" fontStyle="0" fontSize="" />
            <WordsStyle name="NUMBER" styleID="4" fgColor="FFCD22" bgColor="293134" fontName="" fontStyle="0" fontSize="" />
            <WordsStyle name="INSTRUCTION" styleID="5" fgColor="93C763" bgColor="293134" fontName="" fontStyle="1" fontSize="" keywordClass="instre1">if else for while</WordsStyle>
            <WordsStyle name="STRING" styleID="6" fgColor="EC7600" bgColor="293134" fontName="" fontStyle="0" fontSize="">bool long int char</WordsStyle>
            <WordsStyle name="CHARACTER" styleID="7" fgColor="FF8409" bgColor="293134" fontName="" fontStyle="0" fontSize="" />
            <WordsStyle name="CLASS NAME" styleID="8" fgColor="A082BD" bgColor="293134" fontName="" fontStyle="1" fontSize="" />
            <WordsStyle name="DEF NAME" styleID="9" fgColor="678CB1" bgColor="293134" fontName="" fontStyle="1" fontSize="" />
            <WordsStyle name="OPERATOR" styleID="10" fgColor="E8E2B7" bgColor="293134" fontName="" fontStyle="0" fontSize="" />
            <WordsStyle name="IDENTIFIER" styleID="11" fgColor="E0E2E4" bgColor="293134" fontName="" fontStyle="0" fontSize="" />
            <WordsStyle name="REGEX" styleID="12" fgColor="D39745" bgColor="293134" fontName="" fontStyle="0" fontSize="" />
            <WordsStyle name="GLOBAL" styleID="13" fgColor="E0E2E4" bgColor="293134" fontName="" fontStyle="0" fontSize="" />
            <WordsStyle name="SYMBOL" styleID="14" fgColor="E0E2E4" bgColor="293134" fontName="" fontStyle="0" fontSize="" />
            <WordsStyle name="MODULE NAME" styleID="15" fgColor="E0E2E4" bgColor="293134" fontName="" fontStyle="0" fontSize="" />
            <WordsStyle name="INSTANCE VAR" styleID="16" fgColor="B6C8DA" bgColor="293134" fontName="" fontStyle="0" fontSize="" />
            <WordsStyle name="CLASS VAR" styleID="17" fgColor="E0E2E4" bgColor="293134" fontName="" fontStyle="0" fontSize="" />
            <WordsStyle name="BACKTICKS" styleID="18" fgColor="E0E2E4" bgColor="293134" fontName="" fontStyle="0" fontSize="" />
            <WordsStyle name="DATA SECTION" styleID="19" fgColor="E0E2E4" bgColor="293134" fontName="" fontStyle="0" fontSize="" />
            <WordsStyle name="STRING Q" styleID="24" fgColor="E0E2E4" bgColor="293134" fontName="" fontStyle="0" fontSize="" />
        </LexerType>
        <LexerType name="scheme" desc="Schime" ext="">
            <WordsStyle name="DEFAULT" styleID="0" fgColor="E0E2E4" bgColor="293134" fontName="" fontStyle="0" fontSize="" />
            <WordsStyle name="COMMENTLINE" styleID="1" fgColor="66747B" bgColor="293134" fontName="" fontStyle="0" fontSize="" />
            <WordsStyle name="NUMBER" styleID="2" fgColor="FFCD22" bgColor="293134" fontName="" fontStyle="0" fontSize="" />
            <WordsStyle name="FUNCTION WORD" styleID="3" fgColor="93C763" bgColor="293134" fontName="" fontStyle="1" fontSize="" keywordClass="instre1" />
            <WordsStyle name="SYMBOL" styleID="5" fgColor="B3B689" bgColor="293134" fontName="" fontStyle="1" fontSize="" />
            <WordsStyle name="STRING" styleID="6" fgColor="EC7600" bgColor="293134" fontName="" fontStyle="0" fontSize="" />
            <WordsStyle name="STRINGEOL" styleID="8" fgColor="EC7600" bgColor="293134" fontName="" fontStyle="0" fontSize="" />
            <WordsStyle name="IDENTIFIER" styleID="9" fgColor="E0E2E4" bgColor="293134" fontName="" fontStyle="0" fontSize="" />
            <WordsStyle name="OPERATOR" styleID="10" fgColor="B3B689" bgColor="293134" fontName="" fontStyle="1" fontSize="" keywordClass="type1" />
            <WordsStyle name="SPECIAL" styleID="11" fgColor="678CB1" bgColor="293134" fontName="" fontStyle="0" fontSize="" />
            <WordsStyle name="COMMENT" styleID="12" fgColor="66747B" bgColor="293134" fontName="" fontStyle="0" fontSize="" />
        </LexerType>
        <LexerType name="smalltalk" desc="Smalltalk" ext="">
            <WordsStyle name="DEFAULT" styleID="0" fgColor="E0E2E4" bgColor="293134" fontName="" fontStyle="0" fontSize="" />
            <WordsStyle name="STRING" styleID="1" fgColor="EC7600" bgColor="293134" fontName="" fontStyle="0" fontSize="" />
            <WordsStyle name="NUMBER" styleID="2" fgColor="FFCD22" bgColor="293134" fontName="" fontStyle="0" fontSize="" />
            <WordsStyle name="COMMENT" styleID="3" fgColor="66747B" bgColor="293134" fontName="" fontStyle="0" fontSize="" />
            <WordsStyle name="SYMBOL" styleID="4" fgColor="E0E2E4" bgColor="293134" fontName="" fontStyle="0" fontSize="" />
            <WordsStyle name="BINARY" styleID="5" fgColor="E8E2B7" bgColor="293134" fontName="" fontStyle="0" fontSize="">True False</WordsStyle>
            <WordsStyle name="BOOL" styleID="6" fgColor="E0E2E4" bgColor="293134" fontName="" fontStyle="0" fontSize="" />
            <WordsStyle name="SELF" styleID="7" fgColor="E0E2E4" bgColor="293134" fontName="" fontStyle="0" fontSize="" />
            <WordsStyle name="SUPER" styleID="8" fgColor="E0E2E4" bgColor="293134" fontName="" fontStyle="0" fontSize="" />
            <WordsStyle name="NIL" styleID="9" fgColor="E0E2E4" bgColor="293134" fontName="" fontStyle="0" fontSize="" />
            <WordsStyle name="GLOBAL" styleID="10" fgColor="E0E2E4" bgColor="293134" fontName="" fontStyle="0" fontSize="" />
            <WordsStyle name="RETURN" styleID="11" fgColor="E0E2E4" bgColor="293134" fontName="" fontStyle="0" fontSize="" />
            <WordsStyle name="SPECIAL" styleID="12" fgColor="E0E2E4" bgColor="293134" fontName="" fontStyle="0" fontSize="" />
            <WordsStyle name="KWS END" styleID="13" fgColor="E0E2E4" bgColor="293134" fontName="" fontStyle="0" fontSize="" />
            <WordsStyle name="ASSIGN" styleID="14" fgColor="E8E2B7" bgColor="293134" fontName="" fontStyle="0" fontSize="" />
            <WordsStyle name="CHARACTER" styleID="15" fgColor="FF8409" bgColor="293134" fontName="" fontStyle="0" fontSize="" />
            <WordsStyle name="SPECIAL SELECTOR" styleID="16" fgColor="E0E2E4" bgColor="293134" fontName="" fontStyle="0" fontSize="" />
        </LexerType>
        <LexerType name="sql" desc="SQL" ext="">
            <WordsStyle name="KEYWORD" styleID="5" fgColor="93C763" bgColor="293134" fontName="" fontStyle="1" fontSize="" keywordClass="instre1" />
            <WordsStyle name="NUMBER" styleID="4" fgColor="FFCD22" bgColor="293134" fontName="" fontStyle="0" fontSize="" />
            <WordsStyle name="STRING" styleID="6" fgColor="EC7600" bgColor="293134" fontName="" fontStyle="0" fontSize="" />
            <WordsStyle name="STRING2" styleID="7" fgColor="EC7600" bgColor="293134" fontName="" fontStyle="0" fontSize="" />
            <WordsStyle name="OPERATOR" styleID="10" fgColor="E8E2B7" bgColor="293134" fontName="" fontStyle="0" fontSize="" />
            <WordsStyle name="COMMENT" styleID="1" fgColor="66747B" bgColor="293134" fontName="" fontStyle="0" fontSize="" />
            <WordsStyle name="COMMENT LINE" styleID="2" fgColor="66747B" bgColor="293134" fontName="" fontStyle="0" fontSize="" />
        </LexerType>
        <LexerType name="tcl" desc="TCL" ext="">
            <WordsStyle name="PREPROCESSOR" styleID="9" fgColor="A082BD" bgColor="293134" fontName="" fontStyle="0" fontSize="" />
            <WordsStyle name="DEFAULT" styleID="11" fgColor="E0E2E4" bgColor="293134" fontName="" fontStyle="0" fontSize="" />
            <WordsStyle name="INSTRUCTION WORD" styleID="5" fgColor="93C763" bgColor="293134" fontName="" fontStyle="1" fontSize="" keywordClass="instre1" />
            <WordsStyle name="TYPE WORD" styleID="16" fgColor="678CB1" bgColor="293134" fontName="" fontStyle="0" fontSize="" keywordClass="type1" />
            <WordsStyle name="NUMBER" styleID="4" fgColor="FFCD22" bgColor="293134" fontName="" fontStyle="0" fontSize="" />
            <WordsStyle name="STRING" styleID="6" fgColor="EC7600" bgColor="293134" fontName="" fontStyle="0" fontSize="" />
            <WordsStyle name="CHARACTER" styleID="7" fgColor="FF8409" bgColor="293134" fontName="" fontStyle="0" fontSize="" />
            <WordsStyle name="OPERATOR" styleID="10" fgColor="E8E2B7" bgColor="293134" fontName="" fontStyle="0" fontSize="" />
            <WordsStyle name="VERBATIM" styleID="13" fgColor="E0E2E4" bgColor="293134" fontName="" fontStyle="0" fontSize="" />
            <WordsStyle name="REGEX" styleID="14" fgColor="D39745" bgColor="293134" fontName="" fontStyle="0" fontSize="" />
            <WordsStyle name="COMMENT" styleID="1" fgColor="66747B" bgColor="293134" fontName="" fontStyle="0" fontSize="" />
            <WordsStyle name="COMMENT LINE" styleID="2" fgColor="66747B" bgColor="293134" fontName="" fontStyle="0" fontSize="" />
            <WordsStyle name="COMMENT DOC" styleID="3" fgColor="6C788C" bgColor="293134" fontName="" fontStyle="0" fontSize="" />
            <WordsStyle name="COMMENT LINE DOC" styleID="15" fgColor="6C788C" bgColor="293134" fontName="" fontStyle="0" fontSize="" />
            <WordsStyle name="COMMENT DOC KEYWORD" styleID="17" fgColor="6C788C" bgColor="293134" fontName="" fontStyle="1" fontSize="" />
            <WordsStyle name="COMMENT DOC KEYWORD ERROR" styleID="18" fgColor="6C788C" bgColor="293134" fontName="" fontStyle="1" fontSize="" />
        </LexerType>
        <LexerType name="tex" desc="TeX" ext="">
            <WordsStyle name="DEFAULT" styleID="0" fgColor="E0E2E4" bgColor="293134" fontName="" fontStyle="0" fontSize="" />
            <WordsStyle name="SPECIAL" styleID="1" fgColor="E0E2E4" bgColor="293134" fontName="" fontStyle="0" fontSize="" />
            <WordsStyle name="GROUP" styleID="2" fgColor="678CB1" bgColor="293134" fontName="" fontStyle="0" fontSize="" />
            <WordsStyle name="SYMBOL" styleID="3" fgColor="E8E2B7" bgColor="293134" fontName="" fontStyle="0" fontSize="" />
            <WordsStyle name="COMMAND" styleID="4" fgColor="93C763" bgColor="293134" fontName="" fontStyle="1" fontSize="" />
            <WordsStyle name="TEXT" styleID="5" fgColor="E0E2E4" bgColor="293134" fontName="" fontStyle="0" fontSize="">if else for while</WordsStyle>
        </LexerType>
        <LexerType name="vb" desc="VB / VBS" ext="">
            <WordsStyle name="DEFAULT" styleID="7" fgColor="E0E2E4" bgColor="293134" fontName="" fontStyle="0" fontSize="" />
            <WordsStyle name="COMMENT" styleID="1" fgColor="66747B" bgColor="293134" fontName="" fontStyle="0" fontSize="" />
            <WordsStyle name="NUMBER" styleID="2" fgColor="FFCD22" bgColor="293134" fontName="" fontStyle="0" fontSize="" />
            <WordsStyle name="WORD" styleID="3" fgColor="93C763" bgColor="293134" fontName="" fontStyle="1" fontSize="" keywordClass="instre1" />
            <WordsStyle name="STRING" styleID="4" fgColor="EC7600" bgColor="293134" fontName="" fontStyle="0" fontSize="" />
            <WordsStyle name="PREPROCESSOR" styleID="5" fgColor="A082BD" bgColor="293134" fontName="" fontStyle="0" fontSize="" />
            <WordsStyle name="OPERATOR" styleID="6" fgColor="E8E2B7" bgColor="293134" fontName="" fontStyle="0" fontSize="" />
            <WordsStyle name="DATE" styleID="8" fgColor="E0E2E4" bgColor="293134" fontName="" fontStyle="0" fontSize="" />
        </LexerType>
        <LexerType name="verilog" desc="Verilog" ext="">
            <WordsStyle name="DEFAULT" styleID="0" fgColor="E0E2E4" bgColor="293134" fontName="" fontStyle="0" fontSize="" />
            <WordsStyle name="IDENTIFIER" styleID="11" fgColor="E0E2E4" bgColor="293134" fontName="" fontStyle="0" fontSize="" />
            <WordsStyle name="TAGNAME" styleID="2" fgColor="E0E2E4" bgColor="293134" fontName="" fontStyle="0" fontSize="" />
            <WordsStyle name="INSTRUCTION WORD" styleID="5" fgColor="93C763" bgColor="293134" fontName="" fontStyle="1" fontSize="" keywordClass="instre1" />
            <WordsStyle name="KEYWORD" styleID="7" fgColor="E0E2E4" bgColor="293134" fontName="" fontStyle="0" fontSize="" keywordClass="type1" />
            <WordsStyle name="OPERATOR" styleID="10" fgColor="E8E2B7" bgColor="293134" fontName="" fontStyle="0" fontSize="" />
            <WordsStyle name="NUMBER" styleID="4" fgColor="FFCD22" bgColor="293134" fontName="" fontStyle="0" fontSize="" />
            <WordsStyle name="PREPROCESSOR" styleID="9" fgColor="A082BD" bgColor="293134" fontName="" fontStyle="0" fontSize="" />
            <WordsStyle name="STRING" styleID="6" fgColor="EC7600" bgColor="293134" fontName="" fontStyle="0" fontSize="" />
            <WordsStyle name="COMMENT" styleID="1" fgColor="66747B" bgColor="293134" fontName="" fontStyle="0" fontSize="" />
            <WordsStyle name="COMMENT LINE" styleID="2" fgColor="66747B" bgColor="293134" fontName="" fontStyle="0" fontSize="" />
            <WordsStyle name="COMMENT LINE BANG" styleID="3" fgColor="66747B" bgColor="293134" fontName="" fontStyle="0" fontSize="" />
            <WordsStyle name="STRING EOL" styleID="12" fgColor="E0E2E4" bgColor="293134" fontName="" fontStyle="1" fontSize="" />
            <WordsStyle name="USER" styleID="19" fgColor="E0E2E4" bgColor="293134" fontName="" fontStyle="0" fontSize="" />
        </LexerType>
        <LexerType name="vhdl" desc="VHDL" ext="">
            <WordsStyle name="DEFAULT" styleID="0" fgColor="E0E2E4" bgColor="293134" fontName="" fontStyle="0" fontSize="" />
            <WordsStyle name="COMMENT" styleID="1" fgColor="66747B" bgColor="293134" fontName="" fontStyle="0" fontSize="" />
            <WordsStyle name="COMMENT LIne" styleID="2" fgColor="66747B" bgColor="293134" fontName="" fontStyle="0" fontSize="" />
            <WordsStyle name="NUMBER" styleID="3" fgColor="FFCD22" bgColor="293134" fontName="" fontStyle="0" fontSize="" />
            <WordsStyle name="STRING" styleID="4" fgColor="EC7600" bgColor="293134" fontName="" fontStyle="0" fontSize="" />
            <WordsStyle name="OPERATOR" styleID="5" fgColor="E8E2B7" bgColor="293134" fontName="" fontStyle="0" fontSize="" />
            <WordsStyle name="IDENTIFIER" styleID="6" fgColor="E0E2E4" bgColor="293134" fontName="" fontStyle="0" fontSize="" />
            <WordsStyle name="STRING EOL" styleID="7" fgColor="E0E2E4" bgColor="293134" fontName="" fontStyle="0" fontSize="" />
            <WordsStyle name="INSTRUCTION" styleID="8" fgColor="93C763" bgColor="293134" fontName="" fontStyle="1" fontSize="" keywordClass="instre1" />
            <WordsStyle name="STD OPERATOR" styleID="9" fgColor="E0E2E4" bgColor="293134" fontName="" fontStyle="0" fontSize="" keywordClass="instre2" />
            <WordsStyle name="ATTRIBUTE" styleID="10" fgColor="E0E2E4" bgColor="293134" fontName="" fontStyle="0" fontSize="" keywordClass="type1" />
            <WordsStyle name="DIRECTIVE" styleID="9" fgColor="E0E2E4" bgColor="293134" fontName="" fontStyle="0" fontSize="" />
            <WordsStyle name="DIRECTIVE OPERAND" styleID="10" fgColor="E0E2E4" bgColor="293134" fontName="" fontStyle="0" fontSize="" />
            <WordsStyle name="STD FUNCTION" styleID="11" fgColor="E0E2E4" bgColor="293134" fontName="" fontStyle="0" fontSize="" keywordClass="type2" />
            <WordsStyle name="STD PACKAGE" styleID="12" fgColor="E0E2E4" bgColor="293134" fontName="" fontStyle="0" fontSize="" keywordClass="type3" />
            <WordsStyle name="STD TYPE" styleID="13" fgColor="E0E2E4" bgColor="293134" fontName="" fontStyle="0" fontSize="" keywordClass="type4" />
            <WordsStyle name="USER DEFINE" styleID="14" fgColor="E0E2E4" bgColor="293134" fontName="" fontStyle="0" fontSize="" keywordClass="type5" />
        </LexerType>
        <LexerType name="xml" desc="XML" ext="">
            <WordsStyle name="XMLSTART" styleID="12" fgColor="ABBFD3" bgColor="293134" fontName="" fontStyle="1" fontSize="" />
            <WordsStyle name="XMLEND" styleID="13" fgColor="ABBFD3" bgColor="293134" fontName="" fontStyle="1" fontSize="" />
            <WordsStyle name="DEFAULT" styleID="0" fgColor="E0E2E4" bgColor="293134" fontName="" fontStyle="0" fontSize="" />
            <WordsStyle name="COMMENT" styleID="9" fgColor="66747B" bgColor="293134" fontName="" fontStyle="0" fontSize="" />
            <WordsStyle name="NUMBER" styleID="5" fgColor="FFCD22" bgColor="293134" fontName="" fontStyle="0" fontSize="" />
            <WordsStyle name="DOUBLESTRING" styleID="6" fgColor="E1E2CF" bgColor="293134" fontName="" fontStyle="0" fontSize="">if else for while</WordsStyle>
            <WordsStyle name="SINGLESTRING" styleID="7" fgColor="E1E2CF" bgColor="293134" fontName="" fontStyle="0" fontSize="">bool long int char</WordsStyle>
            <WordsStyle name="TAG" styleID="1" fgColor="678CB1" bgColor="293134" fontName="" fontStyle="1" fontSize="" />
            <WordsStyle name="TAGEND" styleID="11" fgColor="678CB1" bgColor="293134" fontName="" fontStyle="1" fontSize="" />
            <WordsStyle name="TAGUNKNOWN" styleID="2" fgColor="678CB1" bgColor="293134" fontName="" fontStyle="1" fontSize="" />
            <WordsStyle name="ATTRIBUTE" styleID="3" fgColor="B3B689" bgColor="293134" fontName="" fontStyle="1" fontSize="" />
            <WordsStyle name="ATTRIBUTEUNKNOWN" styleID="4" fgColor="B3B689" bgColor="293134" fontName="" fontStyle="1" fontSize="" />
            <WordsStyle name="SGMLDEFAULT" styleID="21" fgColor="D39745" bgColor="293134" fontName="" fontStyle="0" fontSize="" />
            <WordsStyle name="CDATA" styleID="17" fgColor="D5E6F0" bgColor="293134" fontName="" fontStyle="0" fontSize="" />
        </LexerType>
        <LexerType name="yaml" desc="YAML" ext="">
            <WordsStyle name="DEFAULT" styleID="0" fgColor="E0E2E4" bgColor="293134" fontName="" fontStyle="0" fontSize="" />
            <WordsStyle name="IDENTIFIER" styleID="2" fgColor="678CB1" bgColor="293134" fontName="" fontStyle="1" fontSize="" />
            <WordsStyle name="COMMENT" styleID="1" fgColor="66747B" bgColor="293134" fontName="" fontStyle="0" fontSize="" />
            <WordsStyle name="INSTRUCTION WORD" styleID="3" fgColor="93C763" bgColor="293134" fontName="" fontStyle="1" fontSize="" keywordClass="instre1" />
            <WordsStyle name="NUMBER" styleID="4" fgColor="FFCD22" bgColor="293134" fontName="" fontStyle="0" fontSize="" />
            <WordsStyle name="REFERENCE" styleID="5" fgColor="A082BD" bgColor="293134" fontName="" fontStyle="0" fontSize="">if else for while</WordsStyle>
            <WordsStyle name="DOCUMENT" styleID="6" fgColor="E0E2E4" bgColor="293134" fontName="" fontStyle="0" fontSize="">bool long int char</WordsStyle>
            <WordsStyle name="TEXT" styleID="7" fgColor="E0E2E4" bgColor="293134" fontName="" fontStyle="0" fontSize="" />
            <WordsStyle name="ERROR" styleID="8" fgColor="E0E2E4" bgColor="293134" fontName="" fontStyle="0" fontSize="" />
        </LexerType>
        <LexerType name="searchResult" desc="Search result" ext="">
            <WordsStyle name="Default" styleID="0" fgColor="E0E2E4" bgColor="293134" fontName="" fontStyle="0" fontSize="" />
            <WordsStyle name="Search Header" styleID="1" fgColor="A6ABB3" bgColor="3A4649" fontName="" fontStyle="1" fontSize="" />
            <WordsStyle name="File Header" styleID="2" fgColor="78838B" bgColor="2F383C" fontName="" fontStyle="1" fontSize="" />
            <WordsStyle name="Line Number" styleID="3" fgColor="FFCD22" bgColor="293134" fontName="" fontStyle="0" fontSize="" />
            <WordsStyle name="Hit Word" styleID="4" fgColor="678CB1" bgColor="293134" fontName="" fontStyle="5" fontSize="" />
            <WordsStyle name="Selected Line" styleID="5" fgColor="FF8409" bgColor="2F393C" fontName="" fontStyle="1" fontSize="">if else for while</WordsStyle>
            <WordsStyle name="Current line background colour" styleID="6" bgColor="2F393C" fgColor="E0E2E4" fontSize="" fontStyle="0">bool long int char</WordsStyle>
        </LexerType>
    </LexerStyles>
    <GlobalStyles>
        <!-- Attention : Don't modify the name of styleID="0" -->
        <WidgetStyle name="Global override" styleID="0" fgColor="E0E2E4" bgColor="293134" fontName="Courier New" fontStyle="0" fontSize="9" />
        <WidgetStyle name="Default Style" styleID="32" fgColor="E0E2E4" bgColor="293134" fontName="" fontStyle="0" fontSize="" />
        <WidgetStyle name="Indent guideline style" styleID="37" fgColor="394448" bgColor="293134" fontName="" fontStyle="0" fontSize="" />
        <WidgetStyle name="Brace highlight style" styleID="34" fgColor="F3DB2E" bgColor="293134" fontName="" fontStyle="1" fontSize="" />
        <WidgetStyle name="Bad brace colour" styleID="35" fgColor="FB0000" bgColor="293134" fontName="" fontStyle="0" fontSize="" />
        <WidgetStyle name="Current line background colour" styleID="0" bgColor="2F393C" fgColor="0080C0" fontSize="" fontStyle="0" />
        <WidgetStyle name="Selected text colour" styleID="0" bgColor="404E51" fgColor="C00000" />
        <WidgetStyle name="Caret colour" styleID="2069" fgColor="C1CBD2" bgColor="6699CC" fontStyle="0" />
        <WidgetStyle name="Edge colour" styleID="0" fgColor="445257" bgColor="112435" fontSize="" fontStyle="0" />
        <WidgetStyle name="Line number margin" styleID="33" fgColor="81969A" bgColor="3F4B4E" fontName="" fontStyle="0" fontSize="" />
        <WidgetStyle name="Fold" styleID="0" fgColor="6A8088" bgColor="2F383C" fontSize="" fontStyle="0" />
        <WidgetStyle name="Fold margin" styleID="0" fgColor="343F41" bgColor="343F41" fontSize="" fontStyle="0" />
        <WidgetStyle name="White space symbol" styleID="0" fgColor="343F43" bgColor="3476A3" fontSize="" fontStyle="0" />
        <WidgetStyle name="Smart HighLighting" styleID="29" bgColor="56676D" fgColor="222222" />
        <WidgetStyle name="Find Mark Style" styleID="31" bgColor="6B8189" fgColor="E0E2E4" fontSize="" fontStyle="1" />
        <WidgetStyle name="Mark Style 1" styleID="25" bgColor="00659B" fgColor="E0E2E4" fontSize="10" fontStyle="0" />
        <WidgetStyle name="Mark Style 2" styleID="24" bgColor="00880B" fgColor="E0E2E4" fontSize="10" fontStyle="0" />
        <WidgetStyle name="Mark Style 3" styleID="23" bgColor="A6AA00" fgColor="E0E2E4" />
        <WidgetStyle name="Mark Style 4" styleID="22" bgColor="8A0B0B" fgColor="E0E2E4" />
        <WidgetStyle name="Mark Style 5" styleID="21" bgColor="44116F" fgColor="E0E2E4" fontSize="10" fontStyle="0" />
        <WidgetStyle name="Incremental highlight all" styleID="28" bgColor="0080FF" fgColor="FFFF80" fontSize="" fontStyle="0" />
        <WidgetStyle name="Tags match highlighting" styleID="27" bgColor="4D5C62" fgColor="E0E2E4" />
        <WidgetStyle name="Tags attribute" styleID="26" bgColor="93975E" fgColor="FFCAB0" />
        <WidgetStyle name="Active tab focused indicator" styleID="0" fgColor="FAAA3C" bgColor="8000FF" />
        <WidgetStyle name="Active tab unfocused indicator" styleID="0" fgColor="FFCAB0" bgColor="008000" />
        <WidgetStyle name="Active tab text" styleID="0" fgColor="000000" bgColor="0080FF" />
        <WidgetStyle name="Inactive tabs" styleID="0" fgColor="808080" bgColor="C0C0C0" />
    </GlobalStyles>
</NotepadPlus>
