<NotepadPlus>
    <Session activeView="0">
        <mainView activeIndex="8">
            <File firstVisibleLine="0" xOffset="0" scrollWidth="2607624" startPos="376" endPos="376" selMode="0" lang="PHP" encoding="-1" filename="E:\wamp\www\oppo\index.php" />
            <File firstVisibleLine="0" xOffset="0" scrollWidth="2607624" startPos="22" endPos="0" selMode="0" lang="Normal Text" encoding="-1" filename="E:\wamp\www\oppo\data\keywords.txt" />
            <File firstVisibleLine="0" xOffset="0" scrollWidth="2607624" startPos="0" endPos="0" selMode="0" lang="HTML" encoding="-1" filename="E:\wamp\www\oppo\data\downloads.html" />
            <File firstVisibleLine="0" xOffset="0" scrollWidth="2607624" startPos="47" endPos="47" selMode="0" lang="HTML" encoding="-1" filename="E:\wamp\www\oppo\data\goods.html" />
            <File firstVisibleLine="81" xOffset="0" scrollWidth="2607624" startPos="5027" endPos="5048" selMode="0" lang="HTML" encoding="-1" filename="E:\wamp\www\oppo\data\products.html" />
            <File firstVisibleLine="51" xOffset="0" scrollWidth="2607624" startPos="1219" endPos="1219" selMode="0" lang="HTML" encoding="-1" filename="E:\wamp\www\oppo\tpl\template.html" />
            <File firstVisibleLine="29" xOffset="0" scrollWidth="2607624" startPos="3021" endPos="3021" selMode="0" lang="PHP" encoding="-1" filename="E:\wamp\www\oppo\out\header.php" />
            <File firstVisibleLine="114" xOffset="0" scrollWidth="2607624" startPos="6453" endPos="6453" selMode="0" lang="PHP" encoding="-1" filename="E:\wamp\www\oppo\out\top.php" />
            <File firstVisibleLine="9" xOffset="0" scrollWidth="2607624" startPos="838" endPos="838" selMode="0" lang="PHP" encoding="-1" filename="E:\wamp\www\oppo\out\footer.php" />
        </mainView>
        <subView activeIndex="0" />
    </Session>
</NotepadPlus>
